,nose_x,nose_y,left_eye_x,left_eye_y,right_eye_x,right_eye_y,left_ear_x,left_ear_y,right_ear_x,right_ear_y,left_shoulder_x,left_shoulder_y,right_shoulder_x,right_shoulder_y,left_elbow_x,left_elbow_y,right_elbow_x,right_elbow_y,left_wrist_x,left_wrist_y,right_wrist_x,right_wrist_y,left_hip_x,left_hip_y,right_hip_x,right_hip_y,left_knee_x,left_knee_y,right_knee_x,right_knee_y,left_ankle_x,left_ankle_y,right_ankle_x,right_ankle_y
0,488.0,879.0,478.0,947.0,488.0,797.0,532.0,1351.0,352.0,1341.0,575.0,981.0,381.0,977.0,590.0,1152.0,357.0,1132.0,541.0,1268.0,420.0,1263.0,546.0,1258.0,405.0,1258.0,532.0,1361.0,429.0,1361.0,522.0,1662.0,449.0,1647.0
1,488.0,878.0,478.0,947.0,490.0,788.0,532.0,1351.0,210.0,868.0,575.0,986.0,380.0,976.0,590.0,1146.0,356.0,1132.0,541.0,1268.0,415.0,1263.0,541.0,1254.0,405.0,1259.0,532.0,1361.0,429.0,1366.0,522.0,1658.0,444.0,1649.0
2,488.0,879.0,478.0,947.0,490.0,788.0,532.0,1352.0,210.0,869.0,576.0,986.0,380.0,976.0,590.0,1147.0,356.0,1132.0,541.0,1269.0,415.0,1264.0,541.0,1254.0,405.0,1254.0,532.0,1362.0,429.0,1367.0,522.0,1660.0,444.0,1645.0
3,488.0,877.0,478.0,946.0,483.0,799.0,532.0,1352.0,209.0,867.0,576.0,985.0,380.0,975.0,591.0,1147.0,356.0,1132.0,542.0,1269.0,414.0,1264.0,542.0,1254.0,405.0,1259.0,532.0,1362.0,429.0,1367.0,522.0,1656.0,444.0,1646.0
4,487.0,876.0,477.0,945.0,490.0,790.0,537.0,1354.0,206.0,872.0,576.0,985.0,379.0,975.0,591.0,1147.0,354.0,1133.0,542.0,1266.0,413.0,1266.0,542.0,1261.0,409.0,1261.0,532.0,1364.0,428.0,1364.0,522.0,1655.0,443.0,1645.0
5,487.0,876.0,478.0,945.0,490.0,790.0,532.0,1355.0,206.0,871.0,576.0,985.0,379.0,980.0,591.0,1147.0,354.0,1133.0,542.0,1266.0,413.0,1266.0,542.0,1261.0,408.0,1261.0,532.0,1364.0,428.0,1369.0,522.0,1656.0,443.0,1646.0
6,487.0,877.0,477.0,951.0,490.0,791.0,532.0,1354.0,207.0,872.0,576.0,985.0,379.0,975.0,591.0,1148.0,354.0,1133.0,542.0,1266.0,413.0,1266.0,542.0,1261.0,409.0,1261.0,532.0,1364.0,428.0,1369.0,522.0,1655.0,443.0,1645.0
7,488.0,877.0,478.0,946.0,490.0,791.0,537.0,1354.0,207.0,872.0,576.0,985.0,379.0,976.0,591.0,1148.0,355.0,1133.0,542.0,1266.0,414.0,1266.0,542.0,1261.0,409.0,1261.0,532.0,1364.0,429.0,1364.0,522.0,1659.0,443.0,1644.0
8,488.0,877.0,478.0,950.0,490.0,790.0,532.0,1354.0,207.0,872.0,576.0,985.0,379.0,975.0,591.0,1147.0,355.0,1133.0,542.0,1266.0,414.0,1266.0,542.0,1261.0,409.0,1261.0,532.0,1364.0,429.0,1364.0,522.0,1655.0,443.0,1645.0
9,488.0,876.0,478.0,945.0,490.0,790.0,532.0,1355.0,206.0,871.0,576.0,985.0,379.0,980.0,591.0,1147.0,354.0,1133.0,542.0,1266.0,414.0,1266.0,542.0,1261.0,409.0,1261.0,532.0,1365.0,428.0,1365.0,522.0,1651.0,443.0,1651.0
10,488.0,876.0,478.0,945.0,490.0,789.0,532.0,1355.0,206.0,871.0,577.0,985.0,379.0,980.0,591.0,1148.0,354.0,1133.0,537.0,1266.0,414.0,1266.0,542.0,1261.0,409.0,1261.0,532.0,1365.0,428.0,1365.0,522.0,1656.0,443.0,1646.0
11,488.0,877.0,478.0,951.0,490.0,790.0,532.0,1355.0,724.0,872.0,576.0,985.0,379.0,980.0,591.0,1148.0,354.0,1133.0,542.0,1266.0,414.0,1266.0,542.0,1261.0,409.0,1261.0,532.0,1365.0,428.0,1365.0,522.0,1650.0,443.0,1646.0
12,487.0,877.0,478.0,950.0,490.0,790.0,537.0,1355.0,206.0,872.0,576.0,985.0,379.0,975.0,591.0,1148.0,354.0,1133.0,542.0,1266.0,414.0,1266.0,542.0,1261.0,409.0,1261.0,532.0,1365.0,428.0,1365.0,522.0,1651.0,443.0,1646.0
13,488.0,877.0,478.0,951.0,490.0,791.0,537.0,1355.0,207.0,872.0,576.0,985.0,379.0,976.0,591.0,1148.0,355.0,1133.0,542.0,1266.0,414.0,1266.0,542.0,1261.0,409.0,1261.0,532.0,1365.0,428.0,1365.0,522.0,1651.0,443.0,1646.0
14,488.0,872.0,478.0,946.0,490.0,791.0,537.0,1355.0,207.0,872.0,576.0,986.0,379.0,976.0,591.0,1148.0,355.0,1133.0,542.0,1266.0,414.0,1266.0,542.0,1261.0,409.0,1261.0,532.0,1365.0,429.0,1365.0,522.0,1655.0,443.0,1645.0
15,488.0,873.0,478.0,946.0,490.0,791.0,537.0,1355.0,207.0,873.0,576.0,986.0,379.0,976.0,591.0,1148.0,355.0,1133.0,542.0,1266.0,414.0,1266.0,542.0,1261.0,409.0,1261.0,532.0,1365.0,429.0,1365.0,522.0,1655.0,443.0,1645.0
16,487.0,873.0,478.0,946.0,490.0,791.0,537.0,1355.0,207.0,873.0,576.0,986.0,379.0,976.0,591.0,1148.0,355.0,1133.0,542.0,1266.0,414.0,1266.0,542.0,1261.0,409.0,1261.0,532.0,1365.0,428.0,1365.0,522.0,1655.0,443.0,1645.0
17,487.0,877.0,478.0,946.0,490.0,791.0,537.0,1355.0,724.0,872.0,576.0,985.0,379.0,976.0,591.0,1148.0,354.0,1133.0,542.0,1266.0,414.0,1266.0,542.0,1261.0,409.0,1261.0,532.0,1365.0,428.0,1365.0,522.0,1650.0,443.0,1646.0
18,487.0,872.0,478.0,946.0,490.0,791.0,537.0,1355.0,207.0,872.0,576.0,986.0,379.0,976.0,591.0,1148.0,354.0,1133.0,542.0,1266.0,414.0,1262.0,542.0,1257.0,409.0,1262.0,532.0,1365.0,428.0,1365.0,522.0,1651.0,443.0,1651.0
19,487.0,877.0,478.0,946.0,490.0,791.0,537.0,1355.0,206.0,872.0,576.0,985.0,379.0,976.0,591.0,1148.0,354.0,1133.0,542.0,1266.0,413.0,1266.0,542.0,1256.0,409.0,1261.0,532.0,1365.0,428.0,1365.0,522.0,1656.0,443.0,1651.0
20,487.0,877.0,478.0,951.0,490.0,790.0,537.0,1355.0,206.0,872.0,576.0,985.0,379.0,975.0,591.0,1148.0,354.0,1133.0,542.0,1266.0,413.0,1266.0,542.0,1261.0,408.0,1261.0,532.0,1365.0,428.0,1365.0,522.0,1651.0,443.0,1651.0
21,483.0,876.0,478.0,945.0,490.0,789.0,532.0,1355.0,206.0,871.0,576.0,985.0,379.0,980.0,591.0,1148.0,354.0,1133.0,542.0,1266.0,413.0,1261.0,542.0,1256.0,408.0,1261.0,532.0,1365.0,428.0,1365.0,522.0,1651.0,443.0,1651.0
22,482.0,876.0,477.0,950.0,490.0,789.0,532.0,1355.0,206.0,871.0,576.0,985.0,379.0,980.0,591.0,1148.0,354.0,1133.0,542.0,1266.0,413.0,1266.0,542.0,1256.0,408.0,1261.0,532.0,1365.0,428.0,1365.0,522.0,1652.0,443.0,1647.0
23,482.0,876.0,477.0,950.0,490.0,789.0,532.0,1355.0,206.0,871.0,576.0,984.0,379.0,979.0,591.0,1147.0,359.0,1133.0,542.0,1266.0,413.0,1266.0,542.0,1261.0,408.0,1261.0,532.0,1365.0,428.0,1365.0,522.0,1651.0,443.0,1651.0
24,482.0,876.0,477.0,950.0,490.0,789.0,537.0,1355.0,206.0,871.0,576.0,984.0,379.0,980.0,591.0,1147.0,354.0,1133.0,542.0,1266.0,413.0,1266.0,542.0,1261.0,408.0,1261.0,532.0,1365.0,428.0,1365.0,522.0,1651.0,443.0,1651.0
25,482.0,876.0,478.0,950.0,490.0,790.0,537.0,1355.0,206.0,871.0,576.0,985.0,379.0,980.0,591.0,1148.0,354.0,1133.0,542.0,1266.0,413.0,1266.0,542.0,1261.0,408.0,1261.0,532.0,1365.0,428.0,1365.0,522.0,1651.0,443.0,1651.0
26,482.0,877.0,478.0,946.0,490.0,790.0,532.0,1355.0,207.0,872.0,576.0,985.0,379.0,980.0,591.0,1148.0,354.0,1133.0,542.0,1266.0,413.0,1266.0,542.0,1261.0,409.0,1261.0,532.0,1365.0,428.0,1365.0,522.0,1655.0,443.0,1650.0
27,483.0,877.0,478.0,946.0,490.0,791.0,537.0,1355.0,206.0,872.0,576.0,985.0,379.0,975.0,591.0,1148.0,354.0,1133.0,542.0,1266.0,413.0,1261.0,542.0,1256.0,409.0,1261.0,532.0,1365.0,428.0,1365.0,522.0,1656.0,443.0,1651.0
28,482.0,878.0,478.0,947.0,490.0,792.0,537.0,1355.0,207.0,873.0,576.0,981.0,379.0,976.0,591.0,1148.0,355.0,1134.0,541.0,1266.0,414.0,1262.0,541.0,1257.0,409.0,1262.0,532.0,1365.0,428.0,1365.0,522.0,1655.0,443.0,1650.0
29,482.0,877.0,477.0,946.0,490.0,791.0,532.0,1355.0,207.0,872.0,576.0,986.0,379.0,976.0,591.0,1148.0,354.0,1133.0,541.0,1266.0,413.0,1261.0,541.0,1256.0,409.0,1261.0,532.0,1365.0,428.0,1365.0,522.0,1655.0,443.0,1650.0
30,482.0,877.0,478.0,946.0,490.0,791.0,532.0,1355.0,206.0,872.0,576.0,985.0,379.0,975.0,591.0,1148.0,354.0,1133.0,542.0,1266.0,413.0,1261.0,542.0,1256.0,409.0,1261.0,532.0,1365.0,428.0,1365.0,522.0,1656.0,443.0,1651.0
31,482.0,877.0,478.0,946.0,490.0,791.0,532.0,1355.0,207.0,872.0,576.0,985.0,379.0,976.0,591.0,1148.0,354.0,1133.0,542.0,1266.0,414.0,1261.0,542.0,1256.0,409.0,1261.0,532.0,1365.0,428.0,1365.0,522.0,1655.0,443.0,1650.0
32,482.0,877.0,478.0,946.0,480.0,791.0,532.0,1355.0,207.0,872.0,576.0,986.0,379.0,976.0,591.0,1148.0,355.0,1133.0,542.0,1266.0,414.0,1266.0,542.0,1256.0,409.0,1261.0,532.0,1365.0,428.0,1365.0,522.0,1655.0,443.0,1645.0
33,482.0,877.0,477.0,946.0,490.0,790.0,532.0,1355.0,206.0,872.0,576.0,985.0,379.0,975.0,591.0,1148.0,354.0,1133.0,542.0,1266.0,413.0,1266.0,542.0,1257.0,408.0,1257.0,532.0,1365.0,428.0,1365.0,522.0,1651.0,443.0,1651.0
34,482.0,877.0,477.0,946.0,490.0,790.0,532.0,1355.0,206.0,872.0,576.0,985.0,379.0,980.0,591.0,1148.0,354.0,1133.0,542.0,1266.0,413.0,1266.0,542.0,1257.0,408.0,1261.0,532.0,1365.0,428.0,1360.0,522.0,1651.0,443.0,1651.0
35,482.0,877.0,477.0,946.0,480.0,791.0,537.0,1355.0,206.0,873.0,576.0,986.0,379.0,976.0,591.0,1148.0,354.0,1134.0,541.0,1267.0,413.0,1262.0,541.0,1257.0,408.0,1257.0,532.0,1365.0,428.0,1365.0,522.0,1651.0,443.0,1651.0
36,482.0,878.0,477.0,947.0,480.0,792.0,536.0,1355.0,207.0,873.0,576.0,986.0,379.0,976.0,590.0,1149.0,354.0,1134.0,541.0,1267.0,413.0,1262.0,541.0,1257.0,408.0,1257.0,531.0,1365.0,428.0,1365.0,522.0,1655.0,443.0,1650.0
37,482.0,877.0,477.0,946.0,489.0,791.0,536.0,1355.0,206.0,873.0,580.0,986.0,379.0,976.0,590.0,1148.0,354.0,1133.0,541.0,1266.0,413.0,1261.0,546.0,1257.0,408.0,1257.0,531.0,1365.0,428.0,1365.0,521.0,1655.0,443.0,1655.0
38,487.0,873.0,477.0,947.0,489.0,792.0,536.0,1355.0,207.0,873.0,580.0,981.0,378.0,981.0,590.0,1148.0,354.0,1134.0,541.0,1266.0,413.0,1266.0,545.0,1256.0,408.0,1261.0,531.0,1364.0,428.0,1364.0,521.0,1659.0,442.0,1654.0
39,486.0,874.0,477.0,947.0,489.0,793.0,535.0,1355.0,207.0,874.0,580.0,982.0,378.0,977.0,589.0,1149.0,354.0,1134.0,540.0,1266.0,413.0,1262.0,545.0,1257.0,408.0,1262.0,535.0,1365.0,428.0,1365.0,521.0,1659.0,442.0,1654.0
40,486.0,874.0,476.0,947.0,489.0,793.0,535.0,1355.0,206.0,874.0,579.0,982.0,378.0,982.0,594.0,1149.0,354.0,1134.0,540.0,1266.0,412.0,1262.0,545.0,1262.0,408.0,1262.0,535.0,1365.0,427.0,1360.0,520.0,1659.0,442.0,1654.0
41,486.0,874.0,476.0,948.0,488.0,794.0,535.0,1355.0,207.0,874.0,579.0,982.0,378.0,977.0,594.0,1149.0,354.0,1134.0,540.0,1267.0,412.0,1262.0,545.0,1257.0,408.0,1262.0,535.0,1365.0,427.0,1360.0,520.0,1659.0,442.0,1654.0
42,486.0,874.0,481.0,948.0,488.0,793.0,535.0,1355.0,206.0,874.0,579.0,987.0,378.0,982.0,594.0,1149.0,349.0,1134.0,540.0,1267.0,412.0,1262.0,545.0,1257.0,407.0,1262.0,535.0,1365.0,427.0,1360.0,520.0,1659.0,442.0,1654.0
43,486.0,874.0,481.0,948.0,488.0,793.0,535.0,1355.0,206.0,874.0,579.0,987.0,378.0,982.0,594.0,1149.0,348.0,1134.0,540.0,1267.0,412.0,1262.0,545.0,1257.0,407.0,1257.0,535.0,1365.0,427.0,1365.0,520.0,1654.0,442.0,1654.0
44,486.0,874.0,481.0,948.0,488.0,793.0,535.0,1355.0,206.0,874.0,579.0,987.0,378.0,982.0,594.0,1149.0,348.0,1134.0,540.0,1267.0,412.0,1262.0,545.0,1257.0,407.0,1262.0,530.0,1360.0,427.0,1365.0,520.0,1654.0,441.0,1649.0
45,485.0,873.0,480.0,947.0,488.0,792.0,535.0,1355.0,205.0,873.0,579.0,986.0,377.0,982.0,594.0,1149.0,348.0,1134.0,539.0,1267.0,412.0,1262.0,544.0,1257.0,407.0,1257.0,535.0,1365.0,426.0,1365.0,520.0,1655.0,441.0,1650.0
46,485.0,873.0,480.0,952.0,488.0,791.0,535.0,1351.0,205.0,873.0,579.0,986.0,377.0,981.0,594.0,1149.0,347.0,1134.0,540.0,1267.0,411.0,1262.0,544.0,1252.0,407.0,1257.0,530.0,1360.0,426.0,1365.0,520.0,1646.0,441.0,1646.0
47,485.0,873.0,480.0,947.0,488.0,792.0,534.0,1355.0,205.0,873.0,579.0,986.0,377.0,981.0,593.0,1149.0,342.0,1134.0,539.0,1267.0,406.0,1262.0,544.0,1252.0,406.0,1252.0,530.0,1360.0,426.0,1365.0,520.0,1651.0,441.0,1651.0
48,485.0,872.0,480.0,946.0,488.0,791.0,534.0,1355.0,204.0,872.0,579.0,986.0,377.0,981.0,598.0,1148.0,342.0,1133.0,544.0,1267.0,406.0,1257.0,544.0,1252.0,411.0,1252.0,534.0,1365.0,426.0,1360.0,520.0,1651.0,446.0,1646.0
49,485.0,872.0,480.0,946.0,487.0,791.0,534.0,1355.0,204.0,872.0,578.0,986.0,377.0,981.0,598.0,1148.0,337.0,1133.0,544.0,1266.0,406.0,1256.0,539.0,1246.0,411.0,1251.0,529.0,1364.0,426.0,1364.0,519.0,1655.0,441.0,1650.0
50,485.0,876.0,480.0,950.0,487.0,790.0,534.0,1355.0,203.0,871.0,579.0,985.0,376.0,980.0,598.0,1148.0,337.0,1133.0,544.0,1266.0,406.0,1256.0,539.0,1247.0,411.0,1247.0,534.0,1365.0,426.0,1365.0,519.0,1652.0,445.0,1647.0
51,485.0,876.0,475.0,950.0,487.0,790.0,534.0,1355.0,203.0,871.0,579.0,985.0,376.0,980.0,598.0,1148.0,337.0,1133.0,549.0,1262.0,406.0,1257.0,539.0,1242.0,411.0,1247.0,534.0,1365.0,426.0,1365.0,519.0,1652.0,445.0,1647.0
52,485.0,876.0,480.0,950.0,487.0,790.0,534.0,1355.0,204.0,872.0,579.0,985.0,376.0,980.0,603.0,1148.0,332.0,1133.0,549.0,1261.0,401.0,1256.0,539.0,1241.0,411.0,1246.0,534.0,1365.0,431.0,1369.0,519.0,1655.0,441.0,1651.0
53,485.0,877.0,480.0,951.0,487.0,792.0,539.0,1354.0,205.0,873.0,578.0,985.0,377.0,981.0,603.0,1147.0,333.0,1133.0,549.0,1265.0,401.0,1255.0,534.0,1246.0,411.0,1246.0,534.0,1363.0,431.0,1373.0,519.0,1653.0,441.0,1648.0
54,485.0,878.0,480.0,952.0,487.0,793.0,539.0,1358.0,206.0,874.0,578.0,986.0,377.0,981.0,607.0,1148.0,333.0,1133.0,553.0,1265.0,397.0,1251.0,539.0,1246.0,411.0,1246.0,534.0,1363.0,431.0,1378.0,524.0,1657.0,441.0,1652.0
55,485.0,875.0,480.0,949.0,487.0,795.0,539.0,1360.0,206.0,875.0,578.0,983.0,377.0,983.0,607.0,1145.0,328.0,1130.0,553.0,1262.0,392.0,1252.0,534.0,1242.0,416.0,1242.0,534.0,1365.0,431.0,1384.0,519.0,1654.0,441.0,1649.0
56,485.0,878.0,480.0,952.0,487.0,792.0,539.0,1361.0,204.0,873.0,579.0,986.0,376.0,981.0,613.0,1144.0,327.0,1134.0,559.0,1258.0,391.0,1248.0,534.0,1243.0,411.0,1243.0,534.0,1371.0,431.0,1391.0,519.0,1652.0,441.0,1652.0
57,485.0,879.0,480.0,953.0,488.0,792.0,539.0,1361.0,204.0,874.0,579.0,987.0,377.0,982.0,613.0,1145.0,327.0,1135.0,559.0,1258.0,392.0,1248.0,534.0,1243.0,416.0,1243.0,534.0,1366.0,431.0,1391.0,520.0,1652.0,441.0,1652.0
58,485.0,883.0,480.0,956.0,487.0,797.0,539.0,1362.0,206.0,878.0,583.0,985.0,377.0,985.0,612.0,1147.0,328.0,1132.0,563.0,1259.0,387.0,1249.0,539.0,1245.0,416.0,1249.0,539.0,1367.0,431.0,1391.0,519.0,1655.0,441.0,1651.0
59,485.0,883.0,480.0,957.0,488.0,798.0,539.0,1357.0,207.0,878.0,583.0,986.0,378.0,986.0,617.0,1147.0,329.0,1132.0,568.0,1264.0,383.0,1254.0,534.0,1249.0,417.0,1249.0,534.0,1367.0,432.0,1391.0,519.0,1650.0,441.0,1655.0
60,486.0,883.0,481.0,956.0,488.0,797.0,539.0,1356.0,208.0,878.0,583.0,990.0,378.0,985.0,618.0,1151.0,325.0,1136.0,574.0,1263.0,378.0,1258.0,535.0,1253.0,413.0,1258.0,535.0,1366.0,432.0,1385.0,520.0,1649.0,442.0,1649.0
61,485.0,886.0,480.0,958.0,488.0,801.0,539.0,1360.0,209.0,881.0,582.0,987.0,379.0,987.0,621.0,1157.0,325.0,1137.0,577.0,1268.0,374.0,1258.0,539.0,1258.0,417.0,1268.0,534.0,1370.0,427.0,1389.0,524.0,1651.0,442.0,1646.0
62,485.0,886.0,480.0,959.0,487.0,802.0,524.0,1644.0,210.0,882.0,586.0,993.0,379.0,988.0,620.0,1157.0,326.0,1142.0,577.0,1272.0,369.0,1268.0,538.0,1263.0,417.0,1272.0,533.0,1374.0,417.0,1393.0,524.0,1649.0,442.0,1649.0
63,489.0,888.0,480.0,959.0,487.0,810.0,523.0,1642.0,376.0,1529.0,584.0,992.0,380.0,988.0,622.0,1159.0,323.0,1149.0,580.0,1272.0,361.0,1272.0,537.0,1268.0,418.0,1272.0,532.0,1381.0,423.0,1448.0,523.0,1657.0,447.0,1647.0
64,485.0,887.0,481.0,962.0,488.0,814.0,523.0,1641.0,217.0,892.0,584.0,995.0,382.0,991.0,622.0,1165.0,320.0,1151.0,584.0,1278.0,358.0,1278.0,532.0,1269.0,419.0,1273.0,532.0,1396.0,419.0,1462.0,523.0,1660.0,443.0,1655.0
65,486.0,888.0,481.0,964.0,488.0,816.0,523.0,1649.0,218.0,893.0,584.0,996.0,378.0,992.0,622.0,1165.0,322.0,1151.0,584.0,1283.0,354.0,1287.0,533.0,1273.0,415.0,1278.0,523.0,1447.0,415.0,1470.0,523.0,1658.0,444.0,1653.0
66,488.0,893.0,483.0,965.0,490.0,810.0,522.0,1646.0,215.0,889.0,589.0,999.0,378.0,994.0,627.0,1172.0,320.0,1157.0,589.0,1287.0,354.0,1291.0,531.0,1272.0,416.0,1277.0,526.0,1459.0,416.0,1469.0,522.0,1661.0,445.0,1656.0
67,488.0,894.0,483.0,970.0,490.0,816.0,521.0,1643.0,217.0,894.0,587.0,998.0,379.0,993.0,625.0,1174.0,322.0,1159.0,592.0,1292.0,350.0,1297.0,535.0,1278.0,416.0,1283.0,530.0,1434.0,421.0,1449.0,521.0,1652.0,445.0,1652.0
68,492.0,896.0,483.0,971.0,490.0,818.0,521.0,1643.0,218.0,896.0,591.0,1005.0,379.0,995.0,629.0,1175.0,322.0,1165.0,596.0,1302.0,350.0,1307.0,535.0,1279.0,417.0,1283.0,535.0,1368.0,426.0,1416.0,521.0,1652.0,445.0,1657.0
69,493.0,897.0,483.0,972.0,490.0,819.0,540.0,1358.0,338.0,897.0,592.0,1005.0,380.0,1000.0,629.0,1174.0,319.0,1170.0,606.0,1311.0,347.0,1315.0,535.0,1283.0,413.0,1287.0,540.0,1367.0,427.0,1409.0,521.0,1654.0,446.0,1654.0
70,494.0,899.0,484.0,975.0,491.0,817.0,541.0,1361.0,338.0,894.0,593.0,1008.0,380.0,998.0,635.0,1177.0,324.0,1173.0,612.0,1314.0,343.0,1319.0,536.0,1281.0,413.0,1286.0,541.0,1371.0,423.0,1404.0,522.0,1654.0,442.0,1654.0
71,492.0,898.0,487.0,978.0,494.0,816.0,543.0,1363.0,224.0,893.0,595.0,1006.0,379.0,1001.0,637.0,1184.0,323.0,1175.0,618.0,1321.0,337.0,1325.0,539.0,1283.0,417.0,1283.0,539.0,1372.0,421.0,1410.0,520.0,1659.0,445.0,1654.0
72,496.0,895.0,486.0,975.0,503.0,813.0,543.0,1366.0,340.0,891.0,594.0,1008.0,383.0,1004.0,637.0,1187.0,326.0,1178.0,618.0,1328.0,335.0,1333.0,538.0,1281.0,416.0,1281.0,538.0,1376.0,425.0,1409.0,519.0,1658.0,444.0,1653.0
73,496.0,893.0,486.0,978.0,503.0,810.0,519.0,1639.0,221.0,888.0,595.0,1011.0,382.0,1001.0,637.0,1186.0,330.0,1176.0,623.0,1337.0,330.0,1337.0,538.0,1280.0,415.0,1275.0,538.0,1384.0,425.0,1403.0,519.0,1658.0,444.0,1654.0
74,498.0,891.0,489.0,976.0,501.0,813.0,536.0,1376.0,220.0,891.0,597.0,1009.0,381.0,999.0,640.0,1192.0,329.0,1178.0,630.0,1343.0,324.0,1343.0,541.0,1282.0,418.0,1277.0,536.0,1386.0,428.0,1400.0,522.0,1654.0,442.0,1650.0
75,497.0,887.0,487.0,973.0,504.0,804.0,535.0,1381.0,222.0,883.0,597.0,1006.0,383.0,997.0,639.0,1191.0,331.0,1177.0,635.0,1348.0,321.0,1343.0,540.0,1277.0,421.0,1277.0,535.0,1391.0,435.0,1410.0,516.0,1657.0,445.0,1652.0
76,497.0,883.0,492.0,968.0,494.0,805.0,535.0,1385.0,222.0,883.0,601.0,1006.0,383.0,997.0,639.0,1191.0,331.0,1177.0,639.0,1352.0,317.0,1347.0,539.0,1276.0,421.0,1276.0,535.0,1399.0,430.0,1413.0,516.0,1655.0,445.0,1650.0
77,500.0,881.0,490.0,962.0,502.0,808.0,537.0,1388.0,220.0,886.0,599.0,1000.0,386.0,990.0,637.0,1189.0,334.0,1175.0,646.0,1350.0,315.0,1345.0,542.0,1274.0,419.0,1274.0,533.0,1397.0,428.0,1412.0,518.0,1658.0,443.0,1653.0
78,500.0,874.0,490.0,959.0,497.0,800.0,519.0,1645.0,214.0,888.0,600.0,997.0,381.0,988.0,638.0,1188.0,333.0,1173.0,652.0,1354.0,314.0,1345.0,543.0,1273.0,419.0,1273.0,533.0,1397.0,428.0,1421.0,519.0,1664.0,443.0,1654.0
79,501.0,867.0,495.0,949.0,501.0,780.0,531.0,1386.0,192.0,852.0,603.0,991.0,382.0,980.0,634.0,1181.0,331.0,1175.0,655.0,1350.0,316.0,1340.0,547.0,1268.0,418.0,1268.0,531.0,1402.0,429.0,1417.0,521.0,1653.0,444.0,1653.0
80,502.0,855.0,492.0,944.0,497.0,767.0,518.0,1658.0,189.0,845.0,601.0,985.0,382.0,975.0,637.0,1178.0,335.0,1168.0,658.0,1350.0,314.0,1335.0,544.0,1262.0,419.0,1262.0,533.0,1408.0,429.0,1423.0,518.0,1663.0,445.0,1663.0
81,502.0,848.0,492.0,933.0,497.0,758.0,518.0,1648.0,185.0,837.0,603.0,975.0,386.0,965.0,635.0,1171.0,333.0,1166.0,661.0,1346.0,317.0,1330.0,545.0,1256.0,418.0,1261.0,529.0,1431.0,434.0,1436.0,518.0,1664.0,444.0,1664.0
82,502.0,832.0,492.0,927.0,499.0,746.0,523.0,1659.0,186.0,832.0,602.0,969.0,381.0,959.0,634.0,1164.0,339.0,1159.0,660.0,1338.0,312.0,1328.0,549.0,1254.0,418.0,1249.0,528.0,1438.0,439.0,1428.0,518.0,1665.0,444.0,1665.0
83,501.0,824.0,496.0,913.0,499.0,743.0,522.0,1659.0,186.0,829.0,601.0,961.0,380.0,950.0,632.0,1155.0,338.0,1150.0,659.0,1328.0,312.0,1313.0,554.0,1244.0,422.0,1244.0,533.0,1444.0,438.0,1433.0,522.0,1670.0,443.0,1670.0
84,502.0,810.0,491.0,900.0,502.0,731.0,534.0,1441.0,189.0,800.0,603.0,948.0,380.0,937.0,634.0,1150.0,338.0,1139.0,661.0,1319.0,311.0,1303.0,555.0,1240.0,422.0,1240.0,534.0,1452.0,438.0,1436.0,518.0,1659.0,444.0,1669.0
85,504.0,800.0,493.0,886.0,498.0,715.0,536.0,1448.0,188.0,790.0,605.0,934.0,380.0,924.0,632.0,1138.0,338.0,1127.0,659.0,1309.0,311.0,1293.0,552.0,1239.0,423.0,1234.0,536.0,1459.0,445.0,1438.0,520.0,1662.0,445.0,1668.0
86,500.0,783.0,494.0,875.0,500.0,701.0,538.0,1451.0,179.0,772.0,603.0,924.0,380.0,913.0,635.0,1125.0,336.0,1114.0,657.0,1294.0,315.0,1283.0,554.0,1223.0,423.0,1223.0,538.0,1457.0,445.0,1435.0,521.0,1663.0,445.0,1669.0
87,500.0,770.0,495.0,859.0,500.0,687.0,544.0,1445.0,174.0,759.0,605.0,914.0,384.0,903.0,633.0,1113.0,334.0,1102.0,655.0,1279.0,318.0,1268.0,550.0,1212.0,423.0,1212.0,544.0,1456.0,450.0,1439.0,522.0,1660.0,445.0,1671.0
88,499.0,759.0,493.0,844.0,499.0,675.0,544.0,1449.0,168.0,748.0,606.0,900.0,381.0,888.0,634.0,1096.0,336.0,1090.0,656.0,1270.0,320.0,1258.0,550.0,1208.0,421.0,1214.0,544.0,1460.0,454.0,1443.0,521.0,1662.0,449.0,1673.0
89,500.0,743.0,494.0,834.0,500.0,663.0,540.0,1440.0,163.0,737.0,603.0,886.0,380.0,874.0,631.0,1086.0,334.0,1075.0,654.0,1257.0,317.0,1252.0,546.0,1189.0,420.0,1195.0,540.0,1446.0,454.0,1440.0,523.0,1663.0,448.0,1675.0
90,501.0,729.0,495.0,816.0,492.0,634.0,541.0,1434.0,160.0,729.0,605.0,873.0,379.0,862.0,633.0,1070.0,333.0,1064.0,651.0,1243.0,321.0,1238.0,541.0,1185.0,420.0,1185.0,541.0,1446.0,454.0,1440.0,524.0,1665.0,449.0,1671.0
91,501.0,721.0,495.0,802.0,492.0,631.0,541.0,1433.0,159.0,726.0,605.0,860.0,379.0,848.0,634.0,1062.0,339.0,1051.0,651.0,1230.0,321.0,1230.0,541.0,1184.0,420.0,1184.0,536.0,1445.0,455.0,1439.0,524.0,1665.0,449.0,1671.0
92,501.0,700.0,496.0,787.0,493.0,628.0,542.0,1426.0,159.0,724.0,606.0,845.0,379.0,834.0,635.0,1049.0,339.0,1037.0,646.0,1223.0,327.0,1217.0,548.0,1170.0,420.0,1170.0,542.0,1437.0,449.0,1426.0,519.0,1664.0,449.0,1675.0
93,497.0,684.0,497.0,771.0,494.0,622.0,543.0,1419.0,158.0,719.0,607.0,830.0,380.0,824.0,631.0,1040.0,339.0,1022.0,648.0,1209.0,327.0,1203.0,543.0,1162.0,421.0,1162.0,543.0,1431.0,444.0,1425.0,520.0,1670.0,450.0,1670.0
94,496.0,676.0,496.0,758.0,493.0,614.0,537.0,1411.0,155.0,711.0,607.0,817.0,384.0,805.0,631.0,1023.0,337.0,1011.0,643.0,1199.0,325.0,1188.0,549.0,1158.0,419.0,1158.0,543.0,1423.0,443.0,1417.0,519.0,1664.0,454.0,1664.0
95,497.0,662.0,497.0,746.0,494.0,599.0,533.0,1410.0,149.0,698.0,611.0,805.0,383.0,794.0,634.0,1009.0,341.0,1003.0,640.0,1189.0,323.0,1177.0,545.0,1147.0,419.0,1147.0,533.0,1416.0,431.0,1410.0,515.0,1668.0,455.0,1668.0
96,499.0,648.0,493.0,739.0,496.0,590.0,535.0,1405.0,147.0,690.0,608.0,793.0,384.0,781.0,632.0,999.0,341.0,993.0,638.0,1175.0,323.0,1169.0,547.0,1144.0,420.0,1138.0,529.0,1411.0,420.0,1405.0,517.0,1665.0,456.0,1665.0
97,497.0,640.0,497.0,725.0,500.0,576.0,540.0,1395.0,149.0,676.0,607.0,780.0,381.0,774.0,631.0,987.0,338.0,981.0,637.0,1164.0,326.0,1158.0,546.0,1146.0,418.0,1139.0,533.0,1402.0,418.0,1402.0,509.0,1658.0,454.0,1658.0
98,500.0,630.0,494.0,715.0,503.0,554.0,536.0,1383.0,154.0,655.0,609.0,770.0,378.0,764.0,633.0,983.0,336.0,970.0,633.0,1159.0,330.0,1140.0,548.0,1134.0,415.0,1128.0,536.0,1395.0,415.0,1395.0,512.0,1657.0,451.0,1650.0
99,500.0,611.0,500.0,704.0,503.0,540.0,537.0,1377.0,148.0,642.0,611.0,760.0,382.0,747.0,636.0,976.0,339.0,963.0,629.0,1155.0,327.0,1136.0,549.0,1124.0,419.0,1118.0,531.0,1390.0,413.0,1390.0,512.0,1655.0,450.0,1655.0
100,499.0,605.0,499.0,698.0,502.0,527.0,536.0,1373.0,146.0,629.0,610.0,753.0,381.0,741.0,635.0,970.0,331.0,952.0,635.0,1150.0,325.0,1131.0,548.0,1119.0,418.0,1113.0,536.0,1385.0,418.0,1385.0,517.0,1652.0,449.0,1652.0
101,499.0,600.0,493.0,688.0,502.0,509.0,543.0,1372.0,142.0,613.0,612.0,745.0,380.0,732.0,637.0,958.0,336.0,939.0,637.0,1140.0,330.0,1121.0,550.0,1109.0,424.0,1109.0,537.0,1385.0,418.0,1385.0,512.0,1648.0,449.0,1648.0
102,498.0,596.0,498.0,683.0,502.0,505.0,542.0,1369.0,143.0,608.0,611.0,739.0,380.0,727.0,636.0,957.0,336.0,939.0,636.0,1132.0,330.0,1113.0,542.0,1107.0,424.0,1101.0,536.0,1382.0,417.0,1375.0,517.0,1643.0,455.0,1643.0
103,497.0,574.0,497.0,668.0,497.0,498.0,541.0,1351.0,137.0,580.0,611.0,732.0,377.0,719.0,636.0,940.0,333.0,934.0,636.0,1123.0,333.0,1105.0,554.0,1098.0,421.0,1092.0,541.0,1364.0,415.0,1364.0,522.0,1623.0,453.0,1629.0
104,498.0,571.0,498.0,666.0,498.0,494.0,542.0,1352.0,135.0,577.0,606.0,723.0,383.0,710.0,638.0,939.0,332.0,927.0,638.0,1117.0,332.0,1104.0,555.0,1092.0,421.0,1085.0,536.0,1365.0,415.0,1352.0,523.0,1626.0,447.0,1632.0
105,498.0,569.0,498.0,665.0,498.0,480.0,542.0,1352.0,135.0,576.0,606.0,716.0,377.0,709.0,638.0,938.0,333.0,926.0,638.0,1117.0,326.0,1097.0,555.0,1097.0,422.0,1085.0,536.0,1365.0,415.0,1352.0,517.0,1625.0,453.0,1632.0
106,498.0,567.0,498.0,663.0,498.0,483.0,543.0,1345.0,131.0,567.0,607.0,715.0,382.0,708.0,640.0,934.0,331.0,921.0,640.0,1107.0,331.0,1088.0,550.0,1088.0,421.0,1082.0,537.0,1358.0,414.0,1352.0,517.0,1629.0,453.0,1635.0
107,498.0,567.0,498.0,657.0,498.0,483.0,543.0,1350.0,132.0,567.0,607.0,714.0,382.0,701.0,639.0,926.0,331.0,920.0,639.0,1106.0,325.0,1093.0,549.0,1086.0,421.0,1080.0,536.0,1356.0,414.0,1350.0,517.0,1626.0,446.0,1632.0
108,498.0,563.0,498.0,659.0,504.0,474.0,542.0,1350.0,133.0,570.0,606.0,710.0,383.0,697.0,638.0,928.0,331.0,908.0,638.0,1100.0,325.0,1087.0,549.0,1087.0,421.0,1075.0,536.0,1362.0,415.0,1356.0,517.0,1624.0,453.0,1631.0
109,497.0,563.0,497.0,659.0,504.0,473.0,536.0,1352.0,132.0,570.0,607.0,711.0,382.0,698.0,639.0,922.0,331.0,910.0,639.0,1096.0,331.0,1083.0,542.0,1083.0,414.0,1076.0,536.0,1365.0,414.0,1365.0,523.0,1622.0,453.0,1635.0
110,497.0,559.0,497.0,656.0,504.0,475.0,530.0,1363.0,128.0,566.0,608.0,708.0,381.0,695.0,640.0,922.0,329.0,903.0,647.0,1097.0,329.0,1078.0,549.0,1084.0,413.0,1078.0,530.0,1376.0,413.0,1376.0,517.0,1636.0,446.0,1642.0
111,504.0,563.0,498.0,654.0,504.0,478.0,537.0,1360.0,125.0,563.0,609.0,707.0,380.0,700.0,641.0,916.0,328.0,903.0,641.0,1092.0,328.0,1079.0,550.0,1086.0,413.0,1079.0,530.0,1373.0,413.0,1380.0,524.0,1635.0,445.0,1641.0
112,504.0,563.0,498.0,655.0,504.0,478.0,530.0,1356.0,124.0,563.0,609.0,707.0,380.0,700.0,642.0,923.0,327.0,904.0,642.0,1094.0,327.0,1080.0,550.0,1080.0,413.0,1074.0,530.0,1369.0,413.0,1375.0,517.0,1644.0,445.0,1644.0
113,498.0,567.0,498.0,653.0,511.0,482.0,531.0,1357.0,123.0,561.0,610.0,712.0,380.0,699.0,643.0,922.0,327.0,903.0,643.0,1100.0,327.0,1080.0,551.0,1087.0,412.0,1080.0,531.0,1370.0,412.0,1376.0,518.0,1639.0,445.0,1653.0
114,498.0,569.0,498.0,655.0,512.0,484.0,538.0,1358.0,124.0,563.0,610.0,714.0,380.0,701.0,643.0,924.0,328.0,911.0,643.0,1095.0,328.0,1082.0,551.0,1082.0,413.0,1082.0,538.0,1371.0,413.0,1377.0,518.0,1640.0,446.0,1647.0
115,498.0,564.0,498.0,656.0,505.0,479.0,537.0,1358.0,124.0,564.0,610.0,708.0,380.0,702.0,642.0,925.0,327.0,905.0,649.0,1095.0,327.0,1082.0,551.0,1082.0,413.0,1082.0,537.0,1371.0,413.0,1384.0,518.0,1640.0,446.0,1653.0
116,504.0,564.0,498.0,656.0,504.0,479.0,537.0,1363.0,125.0,564.0,609.0,708.0,380.0,702.0,642.0,918.0,328.0,905.0,649.0,1095.0,328.0,1082.0,557.0,1075.0,419.0,1075.0,531.0,1377.0,413.0,1383.0,518.0,1645.0,445.0,1645.0
117,504.0,560.0,497.0,658.0,504.0,481.0,536.0,1363.0,125.0,566.0,608.0,710.0,380.0,703.0,641.0,919.0,334.0,906.0,647.0,1095.0,327.0,1082.0,556.0,1076.0,419.0,1069.0,536.0,1376.0,412.0,1382.0,517.0,1643.0,445.0,1650.0
118,503.0,561.0,496.0,653.0,503.0,477.0,542.0,1361.0,126.0,568.0,607.0,711.0,379.0,698.0,646.0,926.0,334.0,906.0,646.0,1101.0,334.0,1088.0,555.0,1075.0,418.0,1069.0,535.0,1374.0,412.0,1387.0,522.0,1641.0,444.0,1647.0
119,503.0,563.0,496.0,653.0,503.0,478.0,542.0,1380.0,127.0,569.0,607.0,712.0,380.0,699.0,646.0,926.0,334.0,906.0,646.0,1101.0,334.0,1088.0,555.0,1081.0,419.0,1075.0,535.0,1380.0,412.0,1386.0,516.0,1639.0,445.0,1645.0
120,503.0,568.0,503.0,659.0,503.0,483.0,542.0,1368.0,125.0,568.0,607.0,711.0,379.0,704.0,646.0,919.0,334.0,906.0,646.0,1095.0,334.0,1088.0,555.0,1075.0,418.0,1075.0,542.0,1381.0,418.0,1387.0,522.0,1641.0,444.0,1647.0
121,503.0,562.0,503.0,653.0,503.0,478.0,548.0,1361.0,126.0,569.0,607.0,711.0,379.0,698.0,646.0,919.0,334.0,906.0,646.0,1095.0,334.0,1088.0,561.0,1075.0,418.0,1069.0,542.0,1374.0,418.0,1381.0,522.0,1641.0,444.0,1647.0
122,502.0,563.0,496.0,654.0,502.0,472.0,548.0,1361.0,126.0,570.0,606.0,712.0,379.0,700.0,645.0,920.0,334.0,907.0,645.0,1095.0,334.0,1082.0,561.0,1076.0,418.0,1069.0,541.0,1374.0,418.0,1381.0,522.0,1640.0,444.0,1647.0
123,502.0,567.0,496.0,657.0,502.0,476.0,522.0,1637.0,128.0,573.0,612.0,715.0,380.0,702.0,644.0,915.0,335.0,908.0,644.0,1095.0,335.0,1089.0,560.0,1076.0,419.0,1069.0,541.0,1379.0,419.0,1379.0,522.0,1637.0,444.0,1643.0
124,502.0,570.0,502.0,660.0,498.0,470.0,521.0,1640.0,128.0,576.0,611.0,712.0,379.0,699.0,644.0,918.0,334.0,905.0,644.0,1092.0,334.0,1086.0,560.0,1073.0,418.0,1073.0,540.0,1376.0,418.0,1376.0,521.0,1640.0,444.0,1640.0
125,502.0,569.0,502.0,659.0,499.0,469.0,547.0,1363.0,127.0,575.0,612.0,711.0,379.0,705.0,644.0,918.0,334.0,905.0,644.0,1092.0,334.0,1086.0,560.0,1073.0,418.0,1073.0,541.0,1376.0,418.0,1370.0,521.0,1641.0,444.0,1641.0
126,502.0,568.0,502.0,659.0,502.0,478.0,547.0,1371.0,126.0,575.0,612.0,711.0,379.0,704.0,644.0,918.0,333.0,905.0,644.0,1092.0,333.0,1086.0,560.0,1079.0,418.0,1073.0,540.0,1384.0,418.0,1377.0,521.0,1642.0,443.0,1642.0
127,502.0,567.0,502.0,658.0,499.0,467.0,521.0,1642.0,126.0,574.0,612.0,710.0,379.0,703.0,644.0,917.0,334.0,904.0,644.0,1092.0,334.0,1085.0,560.0,1072.0,418.0,1072.0,547.0,1383.0,418.0,1376.0,521.0,1642.0,444.0,1642.0
128,502.0,567.0,502.0,657.0,499.0,467.0,547.0,1362.0,127.0,573.0,612.0,709.0,379.0,703.0,644.0,916.0,334.0,910.0,638.0,1097.0,334.0,1091.0,560.0,1071.0,418.0,1065.0,547.0,1368.0,418.0,1368.0,521.0,1640.0,444.0,1640.0
129,501.0,571.0,495.0,661.0,498.0,471.0,521.0,1641.0,127.0,577.0,611.0,713.0,379.0,706.0,643.0,919.0,340.0,906.0,643.0,1093.0,340.0,1087.0,560.0,1067.0,424.0,1061.0,547.0,1370.0,418.0,1364.0,521.0,1641.0,443.0,1641.0
130,502.0,571.0,495.0,661.0,499.0,471.0,521.0,1638.0,129.0,577.0,611.0,712.0,380.0,706.0,643.0,918.0,335.0,905.0,643.0,1091.0,335.0,1091.0,560.0,1066.0,425.0,1066.0,547.0,1368.0,418.0,1368.0,521.0,1638.0,444.0,1644.0
131,508.0,563.0,502.0,652.0,499.0,470.0,521.0,1633.0,130.0,576.0,611.0,710.0,380.0,704.0,643.0,915.0,335.0,909.0,637.0,1095.0,335.0,1088.0,560.0,1075.0,425.0,1069.0,547.0,1364.0,419.0,1357.0,521.0,1633.0,444.0,1639.0
132,508.0,565.0,502.0,660.0,498.0,472.0,521.0,1631.0,131.0,577.0,610.0,711.0,380.0,705.0,642.0,916.0,336.0,909.0,642.0,1095.0,336.0,1088.0,559.0,1076.0,425.0,1076.0,553.0,1363.0,419.0,1363.0,521.0,1631.0,444.0,1638.0
133,508.0,564.0,502.0,654.0,498.0,471.0,521.0,1641.0,130.0,577.0,611.0,711.0,380.0,705.0,643.0,917.0,335.0,910.0,643.0,1096.0,335.0,1090.0,559.0,1070.0,425.0,1070.0,546.0,1372.0,418.0,1365.0,521.0,1634.0,444.0,1641.0
134,508.0,564.0,495.0,654.0,498.0,471.0,521.0,1638.0,129.0,577.0,611.0,712.0,379.0,706.0,643.0,918.0,341.0,911.0,643.0,1091.0,335.0,1091.0,559.0,1066.0,424.0,1066.0,547.0,1368.0,418.0,1368.0,521.0,1638.0,444.0,1638.0
135,502.0,570.0,495.0,660.0,499.0,470.0,521.0,1642.0,129.0,576.0,611.0,711.0,380.0,704.0,643.0,916.0,335.0,910.0,643.0,1096.0,335.0,1090.0,560.0,1070.0,425.0,1070.0,547.0,1372.0,418.0,1366.0,521.0,1636.0,444.0,1642.0
136,502.0,567.0,502.0,657.0,499.0,468.0,522.0,1636.0,131.0,574.0,611.0,715.0,381.0,702.0,643.0,920.0,336.0,913.0,643.0,1092.0,336.0,1092.0,560.0,1080.0,426.0,1073.0,547.0,1374.0,419.0,1361.0,522.0,1636.0,445.0,1636.0
137,503.0,568.0,503.0,657.0,499.0,469.0,522.0,1628.0,132.0,574.0,611.0,715.0,381.0,702.0,643.0,919.0,337.0,913.0,643.0,1092.0,337.0,1092.0,560.0,1079.0,426.0,1073.0,547.0,1366.0,420.0,1360.0,522.0,1628.0,445.0,1635.0
138,509.0,560.0,503.0,656.0,500.0,468.0,522.0,1627.0,133.0,573.0,612.0,714.0,382.0,707.0,644.0,918.0,337.0,912.0,644.0,1090.0,337.0,1090.0,561.0,1071.0,426.0,1071.0,541.0,1365.0,414.0,1359.0,522.0,1627.0,446.0,1633.0
139,503.0,571.0,497.0,655.0,497.0,475.0,522.0,1627.0,132.0,571.0,612.0,712.0,382.0,706.0,644.0,917.0,337.0,917.0,644.0,1089.0,337.0,1089.0,554.0,1083.0,420.0,1077.0,542.0,1371.0,420.0,1364.0,522.0,1627.0,446.0,1633.0
140,503.0,564.0,497.0,654.0,497.0,475.0,522.0,1625.0,133.0,570.0,612.0,711.0,382.0,705.0,644.0,922.0,337.0,916.0,644.0,1095.0,337.0,1095.0,554.0,1075.0,427.0,1075.0,542.0,1363.0,414.0,1357.0,522.0,1625.0,446.0,1631.0
141,503.0,565.0,497.0,654.0,497.0,476.0,522.0,1623.0,133.0,572.0,611.0,712.0,382.0,705.0,643.0,922.0,337.0,916.0,643.0,1094.0,337.0,1088.0,554.0,1082.0,420.0,1075.0,541.0,1362.0,414.0,1362.0,522.0,1623.0,446.0,1630.0
142,503.0,565.0,497.0,654.0,497.0,475.0,522.0,1629.0,133.0,571.0,612.0,711.0,382.0,705.0,643.0,922.0,337.0,915.0,643.0,1094.0,337.0,1094.0,554.0,1081.0,420.0,1075.0,541.0,1368.0,414.0,1361.0,522.0,1629.0,446.0,1629.0
143,503.0,565.0,497.0,654.0,500.0,466.0,522.0,1629.0,134.0,571.0,612.0,711.0,382.0,705.0,643.0,921.0,338.0,915.0,643.0,1093.0,338.0,1093.0,554.0,1081.0,421.0,1074.0,542.0,1367.0,414.0,1355.0,522.0,1629.0,446.0,1629.0
144,503.0,564.0,497.0,653.0,497.0,475.0,523.0,1621.0,134.0,570.0,612.0,710.0,382.0,704.0,644.0,920.0,338.0,914.0,644.0,1099.0,338.0,1092.0,554.0,1080.0,421.0,1073.0,542.0,1360.0,414.0,1354.0,523.0,1621.0,446.0,1628.0
145,503.0,563.0,497.0,652.0,497.0,474.0,529.0,1614.0,134.0,569.0,612.0,716.0,382.0,709.0,643.0,926.0,338.0,920.0,643.0,1098.0,338.0,1098.0,554.0,1079.0,420.0,1079.0,541.0,1359.0,414.0,1353.0,522.0,1621.0,446.0,1627.0
146,503.0,562.0,497.0,651.0,497.0,473.0,523.0,1620.0,134.0,568.0,612.0,715.0,382.0,702.0,644.0,925.0,338.0,919.0,644.0,1097.0,338.0,1097.0,554.0,1072.0,421.0,1072.0,542.0,1359.0,414.0,1352.0,523.0,1620.0,446.0,1626.0
147,503.0,562.0,497.0,651.0,497.0,472.0,523.0,1621.0,133.0,568.0,612.0,715.0,382.0,708.0,644.0,925.0,337.0,919.0,644.0,1098.0,337.0,1098.0,555.0,1079.0,420.0,1079.0,542.0,1360.0,414.0,1353.0,523.0,1621.0,446.0,1628.0
148,504.0,561.0,497.0,651.0,497.0,472.0,523.0,1620.0,134.0,568.0,612.0,714.0,382.0,708.0,644.0,925.0,338.0,919.0,644.0,1097.0,338.0,1097.0,555.0,1078.0,421.0,1072.0,542.0,1365.0,414.0,1359.0,523.0,1620.0,446.0,1627.0
149,504.0,562.0,497.0,657.0,497.0,472.0,523.0,1620.0,134.0,568.0,612.0,715.0,383.0,708.0,644.0,925.0,338.0,919.0,644.0,1097.0,338.0,1097.0,548.0,1078.0,421.0,1078.0,542.0,1365.0,408.0,1359.0,523.0,1620.0,446.0,1626.0
150,504.0,561.0,497.0,650.0,497.0,471.0,523.0,1621.0,133.0,567.0,612.0,714.0,382.0,708.0,644.0,925.0,338.0,918.0,644.0,1097.0,338.0,1091.0,548.0,1078.0,421.0,1078.0,542.0,1366.0,414.0,1359.0,523.0,1621.0,446.0,1628.0
151,504.0,561.0,497.0,657.0,497.0,471.0,523.0,1623.0,133.0,567.0,613.0,715.0,382.0,708.0,645.0,926.0,337.0,919.0,645.0,1099.0,337.0,1099.0,555.0,1086.0,421.0,1079.0,542.0,1367.0,414.0,1361.0,523.0,1623.0,446.0,1630.0
152,504.0,561.0,498.0,657.0,498.0,478.0,523.0,1618.0,132.0,567.0,613.0,715.0,382.0,708.0,645.0,926.0,337.0,920.0,645.0,1099.0,337.0,1093.0,549.0,1080.0,421.0,1080.0,542.0,1362.0,414.0,1362.0,523.0,1624.0,446.0,1631.0
153,504.0,567.0,498.0,657.0,498.0,477.0,543.0,1357.0,132.0,567.0,613.0,715.0,382.0,708.0,645.0,926.0,337.0,920.0,645.0,1100.0,337.0,1093.0,549.0,1081.0,421.0,1081.0,543.0,1370.0,414.0,1363.0,523.0,1627.0,446.0,1633.0
154,504.0,562.0,498.0,658.0,498.0,472.0,523.0,1626.0,132.0,568.0,613.0,715.0,382.0,709.0,645.0,927.0,337.0,921.0,645.0,1100.0,337.0,1094.0,549.0,1081.0,421.0,1081.0,542.0,1363.0,414.0,1363.0,517.0,1626.0,446.0,1632.0
155,504.0,568.0,498.0,657.0,491.0,478.0,543.0,1357.0,132.0,568.0,613.0,715.0,382.0,709.0,645.0,920.0,337.0,920.0,645.0,1100.0,337.0,1094.0,549.0,1081.0,421.0,1081.0,543.0,1370.0,408.0,1357.0,523.0,1626.0,446.0,1633.0
156,504.0,568.0,497.0,658.0,491.0,478.0,523.0,1621.0,131.0,568.0,613.0,716.0,382.0,709.0,645.0,921.0,337.0,915.0,645.0,1094.0,337.0,1094.0,549.0,1082.0,420.0,1075.0,542.0,1364.0,407.0,1358.0,523.0,1627.0,446.0,1634.0
157,504.0,568.0,498.0,657.0,491.0,478.0,523.0,1621.0,131.0,568.0,613.0,715.0,382.0,709.0,645.0,921.0,337.0,914.0,645.0,1094.0,337.0,1094.0,549.0,1081.0,420.0,1075.0,542.0,1364.0,408.0,1357.0,523.0,1627.0,446.0,1634.0
158,498.0,567.0,498.0,651.0,498.0,477.0,523.0,1621.0,131.0,567.0,613.0,715.0,382.0,709.0,645.0,921.0,337.0,921.0,645.0,1094.0,337.0,1094.0,549.0,1081.0,420.0,1075.0,542.0,1364.0,414.0,1357.0,523.0,1627.0,446.0,1634.0
159,504.0,568.0,498.0,658.0,491.0,472.0,523.0,1621.0,132.0,568.0,613.0,716.0,382.0,710.0,645.0,922.0,337.0,915.0,645.0,1101.0,337.0,1095.0,549.0,1082.0,421.0,1082.0,542.0,1364.0,414.0,1364.0,523.0,1628.0,446.0,1634.0
160,504.0,562.0,497.0,658.0,491.0,479.0,523.0,1614.0,132.0,569.0,613.0,716.0,382.0,710.0,645.0,928.0,337.0,921.0,645.0,1101.0,337.0,1095.0,549.0,1082.0,420.0,1082.0,542.0,1364.0,408.0,1364.0,523.0,1627.0,446.0,1633.0
161,504.0,562.0,498.0,652.0,491.0,472.0,523.0,1622.0,132.0,568.0,613.0,716.0,382.0,710.0,645.0,928.0,337.0,915.0,645.0,1101.0,337.0,1095.0,549.0,1082.0,421.0,1082.0,543.0,1365.0,414.0,1365.0,523.0,1628.0,446.0,1634.0
162,504.0,562.0,498.0,652.0,491.0,472.0,524.0,1629.0,132.0,569.0,613.0,717.0,382.0,710.0,646.0,929.0,337.0,916.0,646.0,1102.0,337.0,1096.0,549.0,1083.0,421.0,1083.0,543.0,1372.0,414.0,1365.0,524.0,1629.0,446.0,1635.0
163,498.0,564.0,498.0,653.0,498.0,474.0,530.0,1614.0,133.0,570.0,613.0,717.0,382.0,711.0,645.0,929.0,338.0,916.0,645.0,1102.0,338.0,1095.0,555.0,1082.0,421.0,1082.0,543.0,1364.0,408.0,1358.0,523.0,1627.0,446.0,1633.0
164,498.0,564.0,498.0,654.0,491.0,475.0,523.0,1613.0,133.0,571.0,613.0,718.0,382.0,711.0,645.0,929.0,338.0,916.0,645.0,1108.0,338.0,1095.0,555.0,1082.0,421.0,1082.0,549.0,1370.0,414.0,1357.0,523.0,1626.0,446.0,1632.0
165,504.0,565.0,497.0,655.0,491.0,476.0,529.0,1621.0,133.0,572.0,613.0,712.0,382.0,706.0,645.0,924.0,337.0,917.0,645.0,1103.0,337.0,1090.0,555.0,1084.0,421.0,1077.0,542.0,1372.0,414.0,1359.0,523.0,1628.0,446.0,1634.0
166,504.0,566.0,497.0,655.0,491.0,476.0,549.0,1352.0,133.0,572.0,612.0,713.0,382.0,706.0,644.0,924.0,337.0,917.0,651.0,1103.0,337.0,1090.0,555.0,1084.0,421.0,1077.0,542.0,1372.0,414.0,1359.0,523.0,1628.0,446.0,1634.0
167,497.0,565.0,497.0,655.0,491.0,475.0,523.0,1629.0,132.0,571.0,613.0,712.0,382.0,706.0,645.0,924.0,337.0,918.0,651.0,1104.0,337.0,1091.0,555.0,1078.0,420.0,1078.0,542.0,1373.0,414.0,1367.0,523.0,1629.0,446.0,1636.0
168,503.0,566.0,497.0,655.0,491.0,476.0,523.0,1630.0,132.0,572.0,612.0,713.0,382.0,707.0,644.0,925.0,337.0,918.0,651.0,1104.0,337.0,1091.0,555.0,1078.0,420.0,1078.0,542.0,1373.0,414.0,1367.0,523.0,1630.0,446.0,1636.0
169,497.0,571.0,497.0,654.0,491.0,481.0,549.0,1361.0,131.0,571.0,606.0,712.0,382.0,706.0,645.0,924.0,337.0,918.0,651.0,1104.0,337.0,1091.0,555.0,1085.0,420.0,1079.0,549.0,1374.0,414.0,1368.0,523.0,1631.0,446.0,1638.0
170,497.0,571.0,497.0,654.0,491.0,481.0,523.0,1638.0,131.0,571.0,607.0,712.0,382.0,706.0,645.0,924.0,337.0,918.0,652.0,1105.0,337.0,1098.0,555.0,1079.0,420.0,1079.0,549.0,1375.0,420.0,1368.0,523.0,1638.0,446.0,1638.0
171,497.0,565.0,497.0,655.0,497.0,481.0,523.0,1642.0,129.0,571.0,607.0,713.0,381.0,707.0,646.0,920.0,336.0,913.0,652.0,1100.0,336.0,1094.0,555.0,1081.0,426.0,1081.0,542.0,1384.0,413.0,1378.0,523.0,1642.0,446.0,1642.0
172,497.0,571.0,497.0,655.0,491.0,481.0,523.0,1640.0,130.0,571.0,607.0,713.0,381.0,706.0,645.0,919.0,336.0,919.0,652.0,1099.0,336.0,1099.0,555.0,1080.0,420.0,1080.0,542.0,1376.0,413.0,1369.0,523.0,1640.0,446.0,1640.0
173,497.0,565.0,497.0,656.0,491.0,475.0,523.0,1641.0,130.0,572.0,607.0,714.0,381.0,707.0,645.0,920.0,336.0,920.0,652.0,1100.0,336.0,1094.0,555.0,1081.0,426.0,1081.0,542.0,1384.0,413.0,1377.0,523.0,1641.0,445.0,1641.0
174,497.0,571.0,497.0,655.0,491.0,481.0,523.0,1640.0,130.0,571.0,607.0,713.0,381.0,707.0,645.0,919.0,336.0,919.0,652.0,1099.0,336.0,1099.0,555.0,1080.0,420.0,1080.0,549.0,1376.0,413.0,1370.0,523.0,1640.0,446.0,1640.0
175,497.0,572.0,497.0,656.0,491.0,476.0,523.0,1640.0,131.0,572.0,607.0,714.0,381.0,707.0,645.0,920.0,336.0,913.0,652.0,1100.0,336.0,1093.0,555.0,1080.0,426.0,1080.0,549.0,1376.0,414.0,1370.0,523.0,1640.0,446.0,1640.0
176,497.0,566.0,497.0,656.0,497.0,476.0,522.0,1641.0,130.0,573.0,606.0,714.0,381.0,708.0,645.0,920.0,336.0,914.0,651.0,1100.0,336.0,1094.0,555.0,1081.0,426.0,1081.0,548.0,1377.0,413.0,1377.0,522.0,1641.0,445.0,1641.0
177,497.0,568.0,497.0,658.0,490.0,478.0,522.0,1640.0,131.0,574.0,606.0,715.0,381.0,709.0,644.0,921.0,336.0,914.0,651.0,1100.0,336.0,1094.0,554.0,1081.0,420.0,1081.0,542.0,1376.0,413.0,1370.0,522.0,1640.0,445.0,1640.0
178,497.0,569.0,497.0,659.0,490.0,479.0,522.0,1639.0,132.0,575.0,606.0,716.0,381.0,710.0,644.0,921.0,337.0,909.0,650.0,1101.0,330.0,1088.0,554.0,1075.0,420.0,1082.0,542.0,1376.0,413.0,1370.0,522.0,1639.0,445.0,1639.0
179,497.0,570.0,497.0,660.0,487.0,471.0,522.0,1639.0,132.0,577.0,612.0,717.0,382.0,705.0,644.0,922.0,337.0,916.0,650.0,1101.0,330.0,1089.0,554.0,1082.0,420.0,1082.0,542.0,1370.0,414.0,1370.0,522.0,1639.0,446.0,1639.0
180,497.0,571.0,497.0,660.0,487.0,472.0,522.0,1632.0,133.0,577.0,612.0,718.0,382.0,705.0,644.0,922.0,337.0,916.0,650.0,1095.0,331.0,1089.0,554.0,1082.0,420.0,1082.0,548.0,1370.0,414.0,1363.0,522.0,1632.0,446.0,1638.0
181,497.0,571.0,497.0,660.0,488.0,472.0,523.0,1639.0,133.0,577.0,606.0,718.0,382.0,705.0,644.0,922.0,331.0,916.0,651.0,1095.0,331.0,1089.0,555.0,1082.0,421.0,1082.0,548.0,1370.0,408.0,1364.0,523.0,1639.0,446.0,1639.0
182,497.0,573.0,497.0,662.0,487.0,474.0,522.0,1632.0,133.0,579.0,612.0,719.0,382.0,707.0,644.0,924.0,331.0,917.0,650.0,1102.0,337.0,1096.0,554.0,1077.0,420.0,1077.0,548.0,1364.0,408.0,1357.0,522.0,1632.0,446.0,1638.0
183,497.0,572.0,497.0,661.0,487.0,473.0,522.0,1630.0,133.0,578.0,612.0,718.0,382.0,706.0,643.0,916.0,331.0,916.0,650.0,1094.0,331.0,1088.0,554.0,1082.0,420.0,1082.0,541.0,1368.0,408.0,1362.0,522.0,1630.0,446.0,1636.0
184,497.0,571.0,497.0,661.0,487.0,472.0,522.0,1638.0,133.0,578.0,605.0,718.0,382.0,705.0,644.0,923.0,331.0,916.0,650.0,1095.0,331.0,1089.0,554.0,1082.0,420.0,1082.0,548.0,1363.0,407.0,1363.0,522.0,1632.0,446.0,1638.0
185,497.0,570.0,497.0,660.0,487.0,471.0,522.0,1631.0,132.0,577.0,605.0,717.0,382.0,711.0,644.0,922.0,331.0,915.0,650.0,1100.0,331.0,1094.0,554.0,1081.0,420.0,1081.0,541.0,1369.0,407.0,1362.0,522.0,1631.0,445.0,1637.0
186,497.0,570.0,497.0,659.0,487.0,470.0,522.0,1631.0,132.0,576.0,605.0,717.0,382.0,710.0,644.0,921.0,330.0,921.0,644.0,1100.0,330.0,1094.0,554.0,1081.0,420.0,1081.0,548.0,1369.0,407.0,1362.0,522.0,1631.0,445.0,1637.0
187,497.0,568.0,497.0,658.0,490.0,478.0,522.0,1638.0,132.0,574.0,606.0,715.0,381.0,709.0,644.0,920.0,330.0,920.0,644.0,1100.0,330.0,1093.0,554.0,1080.0,420.0,1080.0,548.0,1375.0,413.0,1369.0,522.0,1631.0,445.0,1638.0
188,497.0,573.0,497.0,657.0,490.0,477.0,522.0,1636.0,132.0,573.0,606.0,714.0,381.0,708.0,644.0,919.0,330.0,919.0,644.0,1099.0,330.0,1092.0,554.0,1086.0,420.0,1079.0,542.0,1380.0,407.0,1367.0,522.0,1636.0,446.0,1636.0
189,497.0,566.0,497.0,656.0,490.0,477.0,522.0,1636.0,132.0,573.0,605.0,714.0,381.0,707.0,644.0,919.0,330.0,919.0,644.0,1104.0,330.0,1092.0,554.0,1079.0,420.0,1079.0,541.0,1373.0,413.0,1367.0,522.0,1636.0,445.0,1636.0
190,497.0,566.0,497.0,656.0,490.0,477.0,522.0,1636.0,131.0,573.0,606.0,714.0,381.0,707.0,644.0,925.0,330.0,919.0,644.0,1098.0,330.0,1092.0,554.0,1079.0,420.0,1079.0,541.0,1374.0,407.0,1367.0,522.0,1636.0,445.0,1636.0
191,497.0,566.0,497.0,656.0,490.0,476.0,522.0,1638.0,131.0,572.0,606.0,714.0,381.0,707.0,644.0,919.0,330.0,919.0,644.0,1099.0,330.0,1092.0,554.0,1079.0,420.0,1079.0,542.0,1375.0,413.0,1368.0,522.0,1638.0,445.0,1638.0
192,497.0,565.0,497.0,655.0,490.0,475.0,522.0,1638.0,130.0,572.0,606.0,713.0,381.0,707.0,644.0,919.0,330.0,919.0,644.0,1099.0,330.0,1092.0,555.0,1079.0,420.0,1079.0,542.0,1375.0,407.0,1369.0,522.0,1638.0,445.0,1638.0
193,497.0,571.0,491.0,661.0,491.0,481.0,523.0,1631.0,131.0,571.0,606.0,719.0,381.0,706.0,645.0,924.0,330.0,918.0,645.0,1104.0,330.0,1091.0,548.0,1079.0,420.0,1079.0,542.0,1374.0,407.0,1368.0,523.0,1631.0,446.0,1638.0
194,497.0,571.0,491.0,655.0,491.0,482.0,523.0,1630.0,131.0,571.0,606.0,719.0,375.0,706.0,645.0,924.0,330.0,918.0,645.0,1104.0,330.0,1091.0,555.0,1078.0,420.0,1078.0,542.0,1374.0,407.0,1367.0,523.0,1630.0,446.0,1637.0
195,497.0,571.0,491.0,661.0,491.0,481.0,523.0,1631.0,131.0,571.0,606.0,719.0,375.0,706.0,645.0,924.0,330.0,918.0,645.0,1104.0,330.0,1091.0,555.0,1079.0,420.0,1079.0,542.0,1374.0,407.0,1368.0,523.0,1631.0,446.0,1637.0
196,497.0,572.0,491.0,655.0,491.0,482.0,523.0,1630.0,131.0,572.0,606.0,713.0,375.0,706.0,645.0,924.0,330.0,918.0,645.0,1104.0,330.0,1091.0,555.0,1078.0,420.0,1078.0,542.0,1374.0,407.0,1367.0,523.0,1630.0,446.0,1637.0
197,497.0,571.0,490.0,655.0,490.0,482.0,522.0,1637.0,131.0,571.0,606.0,713.0,375.0,706.0,644.0,924.0,330.0,918.0,644.0,1104.0,330.0,1091.0,548.0,1078.0,420.0,1078.0,542.0,1374.0,407.0,1367.0,522.0,1630.0,445.0,1637.0
198,497.0,571.0,490.0,661.0,490.0,481.0,522.0,1631.0,130.0,571.0,606.0,719.0,381.0,712.0,645.0,924.0,330.0,918.0,645.0,1104.0,330.0,1091.0,548.0,1078.0,420.0,1078.0,542.0,1374.0,407.0,1368.0,522.0,1631.0,445.0,1638.0
199,497.0,572.0,490.0,655.0,490.0,482.0,522.0,1631.0,131.0,572.0,606.0,713.0,375.0,706.0,644.0,918.0,330.0,918.0,644.0,1098.0,330.0,1092.0,548.0,1079.0,420.0,1079.0,542.0,1374.0,407.0,1368.0,522.0,1631.0,445.0,1637.0
200,497.0,571.0,490.0,661.0,490.0,481.0,522.0,1638.0,130.0,571.0,606.0,713.0,381.0,706.0,644.0,918.0,330.0,918.0,644.0,1098.0,330.0,1092.0,548.0,1079.0,420.0,1079.0,542.0,1375.0,407.0,1368.0,522.0,1638.0,445.0,1638.0
201,497.0,571.0,490.0,661.0,490.0,487.0,522.0,1640.0,130.0,571.0,606.0,719.0,381.0,713.0,645.0,925.0,329.0,919.0,645.0,1099.0,329.0,1093.0,548.0,1080.0,419.0,1080.0,542.0,1376.0,413.0,1369.0,522.0,1640.0,445.0,1640.0
202,490.0,571.0,490.0,661.0,490.0,487.0,522.0,1640.0,130.0,571.0,606.0,719.0,381.0,713.0,645.0,925.0,329.0,919.0,645.0,1099.0,329.0,1093.0,548.0,1080.0,419.0,1080.0,542.0,1376.0,413.0,1369.0,522.0,1640.0,445.0,1640.0
203,490.0,571.0,490.0,661.0,490.0,487.0,522.0,1639.0,130.0,571.0,606.0,719.0,381.0,712.0,644.0,918.0,329.0,918.0,644.0,1098.0,329.0,1092.0,548.0,1079.0,419.0,1079.0,541.0,1375.0,406.0,1369.0,522.0,1639.0,445.0,1639.0
204,496.0,572.0,496.0,662.0,490.0,482.0,522.0,1639.0,130.0,572.0,605.0,713.0,380.0,707.0,644.0,919.0,329.0,919.0,644.0,1099.0,329.0,1093.0,548.0,1080.0,419.0,1080.0,541.0,1375.0,406.0,1369.0,522.0,1639.0,445.0,1639.0
205,490.0,571.0,490.0,661.0,490.0,487.0,522.0,1640.0,129.0,571.0,606.0,719.0,380.0,712.0,644.0,925.0,329.0,919.0,644.0,1099.0,329.0,1092.0,548.0,1079.0,419.0,1079.0,541.0,1376.0,406.0,1369.0,522.0,1640.0,445.0,1640.0
206,496.0,570.0,490.0,660.0,490.0,487.0,522.0,1639.0,129.0,570.0,606.0,718.0,380.0,712.0,644.0,924.0,329.0,918.0,644.0,1105.0,329.0,1092.0,548.0,1079.0,419.0,1079.0,541.0,1375.0,406.0,1369.0,522.0,1639.0,445.0,1639.0
207,496.0,570.0,490.0,660.0,490.0,486.0,522.0,1640.0,129.0,570.0,606.0,718.0,380.0,712.0,644.0,925.0,329.0,918.0,644.0,1099.0,329.0,1092.0,548.0,1079.0,419.0,1079.0,541.0,1376.0,412.0,1369.0,522.0,1640.0,445.0,1640.0
208,490.0,576.0,490.0,660.0,490.0,486.0,522.0,1639.0,129.0,570.0,606.0,718.0,380.0,712.0,644.0,924.0,329.0,918.0,644.0,1098.0,329.0,1092.0,548.0,1085.0,419.0,1079.0,541.0,1375.0,406.0,1369.0,522.0,1639.0,445.0,1639.0
209,496.0,576.0,490.0,659.0,490.0,485.0,522.0,1640.0,128.0,569.0,606.0,718.0,380.0,711.0,638.0,924.0,329.0,918.0,645.0,1098.0,329.0,1092.0,548.0,1085.0,419.0,1079.0,541.0,1376.0,412.0,1369.0,522.0,1640.0,445.0,1640.0
210,496.0,570.0,490.0,660.0,490.0,486.0,522.0,1640.0,129.0,570.0,606.0,718.0,380.0,712.0,638.0,924.0,328.0,918.0,644.0,1098.0,328.0,1092.0,548.0,1086.0,419.0,1079.0,541.0,1376.0,412.0,1369.0,522.0,1640.0,444.0,1640.0
211,496.0,570.0,490.0,660.0,490.0,486.0,522.0,1639.0,129.0,570.0,605.0,718.0,380.0,712.0,644.0,924.0,329.0,918.0,644.0,1104.0,329.0,1091.0,547.0,1085.0,419.0,1078.0,541.0,1375.0,406.0,1368.0,522.0,1639.0,445.0,1639.0
212,496.0,571.0,490.0,661.0,490.0,481.0,522.0,1637.0,130.0,571.0,605.0,719.0,374.0,712.0,644.0,924.0,329.0,918.0,644.0,1104.0,329.0,1091.0,547.0,1085.0,412.0,1078.0,541.0,1374.0,406.0,1367.0,522.0,1631.0,445.0,1637.0
213,489.0,571.0,489.0,654.0,489.0,481.0,522.0,1638.0,130.0,571.0,605.0,719.0,374.0,706.0,644.0,924.0,329.0,918.0,644.0,1104.0,329.0,1091.0,547.0,1079.0,419.0,1079.0,541.0,1374.0,406.0,1361.0,522.0,1638.0,444.0,1638.0
214,489.0,566.0,496.0,656.0,489.0,476.0,528.0,1636.0,130.0,572.0,605.0,713.0,380.0,707.0,643.0,925.0,329.0,918.0,643.0,1104.0,329.0,1092.0,547.0,1085.0,419.0,1079.0,540.0,1374.0,406.0,1367.0,521.0,1636.0,444.0,1636.0
215,489.0,566.0,496.0,656.0,489.0,476.0,521.0,1637.0,130.0,573.0,605.0,714.0,380.0,707.0,637.0,919.0,329.0,919.0,643.0,1099.0,329.0,1092.0,547.0,1086.0,412.0,1079.0,541.0,1368.0,406.0,1362.0,521.0,1631.0,444.0,1637.0
216,496.0,573.0,496.0,657.0,489.0,477.0,521.0,1631.0,130.0,573.0,605.0,714.0,380.0,708.0,637.0,919.0,329.0,919.0,643.0,1099.0,329.0,1093.0,547.0,1086.0,412.0,1080.0,540.0,1368.0,406.0,1362.0,521.0,1631.0,444.0,1637.0
217,496.0,567.0,489.0,657.0,489.0,477.0,528.0,1636.0,131.0,573.0,605.0,714.0,374.0,708.0,643.0,926.0,329.0,919.0,643.0,1098.0,329.0,1092.0,547.0,1086.0,412.0,1079.0,541.0,1374.0,406.0,1361.0,521.0,1636.0,444.0,1636.0
218,489.0,567.0,489.0,657.0,489.0,478.0,521.0,1637.0,131.0,574.0,605.0,715.0,374.0,708.0,637.0,920.0,329.0,920.0,643.0,1099.0,329.0,1093.0,547.0,1080.0,412.0,1080.0,541.0,1368.0,406.0,1362.0,521.0,1631.0,444.0,1637.0
219,489.0,568.0,489.0,657.0,489.0,478.0,521.0,1637.0,131.0,574.0,605.0,715.0,374.0,708.0,637.0,920.0,329.0,920.0,643.0,1099.0,329.0,1093.0,547.0,1080.0,413.0,1080.0,541.0,1368.0,406.0,1361.0,521.0,1637.0,445.0,1637.0
220,489.0,568.0,489.0,658.0,486.0,469.0,521.0,1637.0,131.0,574.0,604.0,715.0,374.0,709.0,637.0,920.0,329.0,920.0,643.0,1099.0,329.0,1093.0,547.0,1080.0,412.0,1080.0,540.0,1368.0,406.0,1362.0,521.0,1631.0,444.0,1637.0
221,489.0,568.0,489.0,657.0,489.0,478.0,521.0,1631.0,131.0,574.0,605.0,715.0,374.0,708.0,637.0,920.0,329.0,920.0,643.0,1099.0,329.0,1093.0,547.0,1080.0,412.0,1080.0,541.0,1368.0,406.0,1362.0,521.0,1631.0,444.0,1637.0
222,489.0,567.0,489.0,657.0,489.0,478.0,528.0,1636.0,131.0,574.0,604.0,715.0,374.0,708.0,636.0,926.0,329.0,919.0,643.0,1099.0,329.0,1092.0,547.0,1079.0,412.0,1079.0,540.0,1374.0,406.0,1361.0,521.0,1630.0,444.0,1636.0
223,489.0,567.0,489.0,656.0,489.0,477.0,528.0,1636.0,131.0,573.0,605.0,714.0,374.0,708.0,637.0,925.0,329.0,919.0,643.0,1098.0,329.0,1092.0,547.0,1079.0,412.0,1073.0,541.0,1374.0,406.0,1361.0,521.0,1630.0,444.0,1636.0
224,489.0,573.0,489.0,656.0,489.0,477.0,528.0,1636.0,131.0,573.0,604.0,714.0,374.0,707.0,636.0,925.0,329.0,919.0,643.0,1098.0,329.0,1092.0,547.0,1079.0,412.0,1079.0,540.0,1373.0,406.0,1361.0,521.0,1630.0,444.0,1636.0
225,489.0,567.0,495.0,657.0,489.0,478.0,540.0,1354.0,131.0,574.0,604.0,714.0,374.0,708.0,636.0,925.0,329.0,919.0,642.0,1098.0,329.0,1092.0,547.0,1079.0,412.0,1072.0,540.0,1373.0,406.0,1360.0,521.0,1629.0,444.0,1635.0
226,489.0,567.0,489.0,656.0,489.0,477.0,540.0,1372.0,131.0,573.0,604.0,714.0,374.0,708.0,636.0,925.0,329.0,918.0,642.0,1097.0,329.0,1091.0,547.0,1072.0,412.0,1072.0,540.0,1372.0,406.0,1366.0,521.0,1628.0,444.0,1634.0
227,495.0,566.0,495.0,656.0,489.0,476.0,527.0,1636.0,130.0,572.0,604.0,720.0,374.0,707.0,636.0,925.0,329.0,918.0,636.0,1098.0,322.0,1091.0,547.0,1072.0,418.0,1072.0,534.0,1373.0,406.0,1361.0,521.0,1630.0,444.0,1636.0
228,495.0,565.0,489.0,655.0,489.0,475.0,521.0,1638.0,129.0,571.0,605.0,719.0,373.0,706.0,637.0,925.0,328.0,918.0,637.0,1104.0,322.0,1092.0,547.0,1072.0,412.0,1072.0,540.0,1374.0,405.0,1361.0,521.0,1638.0,444.0,1638.0
229,489.0,565.0,489.0,655.0,489.0,475.0,527.0,1641.0,128.0,571.0,605.0,719.0,373.0,707.0,637.0,926.0,328.0,913.0,637.0,1100.0,321.0,1087.0,547.0,1074.0,411.0,1074.0,540.0,1377.0,411.0,1370.0,521.0,1641.0,444.0,1641.0
230,495.0,565.0,489.0,655.0,489.0,475.0,527.0,1641.0,128.0,572.0,605.0,720.0,373.0,707.0,637.0,926.0,328.0,913.0,637.0,1100.0,321.0,1087.0,547.0,1074.0,411.0,1074.0,540.0,1377.0,411.0,1371.0,521.0,1641.0,444.0,1641.0
231,495.0,565.0,489.0,655.0,489.0,475.0,521.0,1641.0,128.0,572.0,605.0,720.0,373.0,707.0,637.0,926.0,328.0,913.0,637.0,1100.0,321.0,1087.0,547.0,1074.0,412.0,1074.0,540.0,1377.0,405.0,1370.0,521.0,1641.0,444.0,1641.0
232,495.0,565.0,489.0,656.0,489.0,475.0,527.0,1640.0,129.0,572.0,605.0,720.0,373.0,707.0,637.0,926.0,328.0,913.0,637.0,1100.0,322.0,1087.0,547.0,1074.0,412.0,1074.0,534.0,1376.0,405.0,1363.0,521.0,1640.0,444.0,1640.0
233,495.0,566.0,489.0,656.0,489.0,476.0,527.0,1640.0,128.0,572.0,605.0,720.0,373.0,707.0,637.0,926.0,328.0,913.0,637.0,1100.0,322.0,1087.0,547.0,1074.0,412.0,1074.0,534.0,1377.0,405.0,1364.0,521.0,1640.0,444.0,1640.0
234,495.0,566.0,495.0,656.0,489.0,475.0,527.0,1641.0,128.0,572.0,605.0,720.0,373.0,707.0,637.0,926.0,328.0,913.0,637.0,1100.0,321.0,1087.0,547.0,1074.0,411.0,1074.0,540.0,1377.0,405.0,1364.0,521.0,1641.0,444.0,1641.0
235,495.0,566.0,495.0,656.0,488.0,475.0,527.0,1641.0,128.0,572.0,604.0,720.0,372.0,707.0,636.0,926.0,327.0,913.0,636.0,1100.0,321.0,1087.0,546.0,1074.0,411.0,1074.0,540.0,1370.0,405.0,1364.0,520.0,1634.0,443.0,1641.0
236,495.0,565.0,495.0,655.0,488.0,475.0,527.0,1641.0,127.0,572.0,604.0,720.0,372.0,707.0,636.0,926.0,327.0,913.0,636.0,1100.0,321.0,1087.0,546.0,1074.0,411.0,1074.0,540.0,1377.0,404.0,1364.0,520.0,1635.0,443.0,1641.0
237,494.0,566.0,494.0,656.0,488.0,476.0,527.0,1640.0,128.0,572.0,604.0,720.0,372.0,707.0,636.0,926.0,327.0,913.0,636.0,1100.0,321.0,1087.0,546.0,1074.0,411.0,1074.0,539.0,1370.0,404.0,1364.0,520.0,1634.0,443.0,1640.0
238,494.0,566.0,494.0,656.0,488.0,475.0,526.0,1641.0,127.0,572.0,604.0,720.0,372.0,707.0,636.0,926.0,327.0,913.0,636.0,1100.0,320.0,1087.0,546.0,1068.0,410.0,1068.0,539.0,1371.0,404.0,1364.0,520.0,1641.0,443.0,1641.0
239,494.0,574.0,494.0,658.0,494.0,484.0,526.0,1642.0,127.0,574.0,603.0,716.0,371.0,709.0,635.0,921.0,326.0,915.0,635.0,1102.0,320.0,1082.0,545.0,1069.0,410.0,1069.0,539.0,1372.0,404.0,1365.0,519.0,1635.0,449.0,1642.0
240,493.0,574.0,493.0,658.0,493.0,484.0,526.0,1642.0,127.0,574.0,603.0,716.0,371.0,709.0,635.0,922.0,326.0,915.0,635.0,1102.0,313.0,1082.0,545.0,1069.0,410.0,1069.0,538.0,1372.0,403.0,1372.0,519.0,1635.0,448.0,1642.0
241,493.0,574.0,493.0,658.0,493.0,484.0,525.0,1636.0,126.0,574.0,603.0,716.0,371.0,710.0,635.0,922.0,320.0,915.0,635.0,1102.0,313.0,1083.0,545.0,1070.0,410.0,1070.0,545.0,1366.0,403.0,1366.0,519.0,1636.0,448.0,1642.0
242,493.0,576.0,493.0,659.0,487.0,486.0,525.0,1643.0,126.0,576.0,602.0,717.0,371.0,704.0,634.0,923.0,319.0,910.0,634.0,1096.0,313.0,1083.0,544.0,1071.0,409.0,1071.0,544.0,1373.0,403.0,1366.0,519.0,1636.0,448.0,1643.0
243,493.0,570.0,493.0,660.0,486.0,480.0,525.0,1642.0,127.0,576.0,602.0,718.0,371.0,705.0,634.0,923.0,319.0,910.0,640.0,1097.0,313.0,1084.0,544.0,1071.0,409.0,1071.0,544.0,1373.0,403.0,1366.0,518.0,1642.0,448.0,1642.0
244,493.0,575.0,493.0,659.0,487.0,485.0,525.0,1642.0,127.0,575.0,602.0,717.0,371.0,704.0,634.0,922.0,320.0,916.0,634.0,1102.0,313.0,1083.0,544.0,1070.0,409.0,1070.0,538.0,1372.0,403.0,1372.0,519.0,1642.0,448.0,1642.0
245,493.0,575.0,493.0,659.0,486.0,485.0,525.0,1643.0,126.0,575.0,602.0,717.0,371.0,704.0,634.0,922.0,319.0,916.0,634.0,1102.0,313.0,1083.0,544.0,1070.0,409.0,1070.0,544.0,1373.0,403.0,1373.0,519.0,1643.0,448.0,1643.0
246,493.0,575.0,493.0,658.0,493.0,491.0,525.0,1643.0,126.0,575.0,602.0,716.0,371.0,703.0,634.0,929.0,319.0,916.0,634.0,1102.0,313.0,1089.0,544.0,1070.0,409.0,1070.0,544.0,1373.0,403.0,1373.0,519.0,1637.0,448.0,1643.0
247,487.0,574.0,493.0,664.0,493.0,491.0,519.0,1643.0,126.0,574.0,602.0,716.0,371.0,703.0,635.0,928.0,319.0,922.0,635.0,1102.0,313.0,1089.0,544.0,1070.0,409.0,1070.0,544.0,1379.0,403.0,1379.0,519.0,1636.0,448.0,1643.0
248,493.0,573.0,487.0,657.0,493.0,483.0,545.0,1360.0,126.0,573.0,603.0,715.0,371.0,702.0,635.0,928.0,319.0,922.0,635.0,1102.0,313.0,1089.0,538.0,1070.0,409.0,1076.0,538.0,1373.0,403.0,1373.0,519.0,1637.0,448.0,1637.0
249,487.0,574.0,487.0,658.0,487.0,484.0,519.0,1637.0,126.0,574.0,603.0,716.0,371.0,703.0,635.0,928.0,319.0,922.0,635.0,1102.0,313.0,1090.0,538.0,1070.0,409.0,1070.0,538.0,1373.0,403.0,1373.0,519.0,1637.0,448.0,1637.0
250,493.0,566.0,487.0,657.0,493.0,482.0,526.0,1638.0,125.0,573.0,603.0,715.0,370.0,702.0,629.0,922.0,319.0,922.0,635.0,1102.0,312.0,1089.0,538.0,1070.0,409.0,1070.0,538.0,1380.0,403.0,1374.0,519.0,1638.0,448.0,1638.0
251,487.0,573.0,487.0,657.0,487.0,483.0,526.0,1639.0,125.0,573.0,603.0,715.0,370.0,702.0,635.0,922.0,319.0,916.0,635.0,1103.0,312.0,1090.0,545.0,1064.0,409.0,1071.0,545.0,1375.0,403.0,1368.0,519.0,1639.0,448.0,1639.0
252,487.0,573.0,487.0,657.0,487.0,483.0,525.0,1639.0,125.0,573.0,603.0,715.0,370.0,702.0,629.0,922.0,319.0,915.0,635.0,1103.0,312.0,1090.0,545.0,1064.0,409.0,1070.0,545.0,1374.0,403.0,1368.0,519.0,1639.0,448.0,1639.0
253,487.0,573.0,487.0,657.0,487.0,483.0,519.0,1637.0,125.0,573.0,603.0,715.0,371.0,702.0,635.0,921.0,319.0,921.0,635.0,1102.0,313.0,1089.0,538.0,1063.0,409.0,1070.0,538.0,1373.0,403.0,1366.0,519.0,1637.0,448.0,1637.0
254,487.0,573.0,487.0,657.0,487.0,483.0,525.0,1636.0,126.0,573.0,603.0,715.0,371.0,702.0,635.0,921.0,319.0,921.0,635.0,1102.0,313.0,1089.0,545.0,1063.0,403.0,1069.0,545.0,1372.0,403.0,1366.0,519.0,1636.0,448.0,1643.0
255,487.0,565.0,487.0,656.0,487.0,475.0,545.0,1359.0,125.0,572.0,596.0,714.0,370.0,701.0,635.0,920.0,319.0,914.0,635.0,1101.0,312.0,1088.0,545.0,1062.0,409.0,1069.0,538.0,1366.0,403.0,1366.0,519.0,1637.0,448.0,1637.0
256,487.0,572.0,487.0,656.0,487.0,475.0,525.0,1642.0,126.0,572.0,596.0,714.0,371.0,707.0,635.0,920.0,319.0,914.0,635.0,1101.0,313.0,1088.0,545.0,1068.0,409.0,1068.0,545.0,1371.0,403.0,1371.0,519.0,1636.0,448.0,1642.0
257,487.0,564.0,487.0,655.0,487.0,474.0,525.0,1634.0,126.0,571.0,596.0,719.0,371.0,706.0,635.0,925.0,319.0,919.0,635.0,1106.0,313.0,1093.0,545.0,1060.0,403.0,1060.0,538.0,1370.0,397.0,1363.0,519.0,1634.0,448.0,1640.0
258,487.0,564.0,487.0,654.0,487.0,473.0,525.0,1635.0,125.0,570.0,596.0,718.0,371.0,706.0,629.0,925.0,319.0,919.0,635.0,1106.0,312.0,1086.0,545.0,1061.0,403.0,1061.0,538.0,1370.0,403.0,1364.0,519.0,1635.0,448.0,1641.0
259,487.0,569.0,487.0,653.0,487.0,472.0,525.0,1639.0,126.0,569.0,596.0,717.0,371.0,705.0,635.0,924.0,319.0,911.0,635.0,1104.0,313.0,1085.0,545.0,1059.0,409.0,1065.0,545.0,1368.0,403.0,1368.0,519.0,1633.0,448.0,1639.0
260,487.0,563.0,487.0,653.0,487.0,473.0,525.0,1639.0,126.0,569.0,596.0,717.0,371.0,705.0,635.0,924.0,319.0,911.0,635.0,1104.0,313.0,1085.0,545.0,1059.0,409.0,1059.0,545.0,1368.0,403.0,1368.0,519.0,1633.0,448.0,1639.0
261,487.0,563.0,487.0,653.0,487.0,473.0,526.0,1639.0,126.0,569.0,596.0,718.0,371.0,705.0,629.0,924.0,319.0,911.0,635.0,1104.0,313.0,1085.0,545.0,1066.0,410.0,1066.0,538.0,1369.0,403.0,1369.0,519.0,1633.0,448.0,1639.0
262,487.0,567.0,487.0,658.0,487.0,477.0,519.0,1634.0,125.0,567.0,597.0,716.0,364.0,703.0,629.0,923.0,319.0,916.0,636.0,1104.0,313.0,1085.0,545.0,1065.0,409.0,1065.0,539.0,1369.0,403.0,1369.0,519.0,1634.0,442.0,1640.0
263,487.0,567.0,487.0,658.0,487.0,476.0,526.0,1636.0,124.0,567.0,597.0,716.0,364.0,703.0,630.0,923.0,319.0,917.0,636.0,1105.0,312.0,1085.0,545.0,1066.0,409.0,1072.0,539.0,1377.0,403.0,1371.0,519.0,1636.0,442.0,1643.0
264,487.0,572.0,487.0,657.0,487.0,481.0,545.0,1358.0,123.0,566.0,597.0,715.0,370.0,709.0,630.0,923.0,318.0,916.0,636.0,1105.0,318.0,1085.0,545.0,1072.0,409.0,1079.0,539.0,1378.0,402.0,1371.0,519.0,1637.0,441.0,1644.0
265,487.0,578.0,487.0,663.0,487.0,481.0,545.0,1359.0,123.0,565.0,598.0,721.0,370.0,708.0,630.0,923.0,318.0,923.0,637.0,1105.0,318.0,1086.0,545.0,1072.0,409.0,1079.0,539.0,1372.0,402.0,1365.0,519.0,1638.0,448.0,1645.0
266,487.0,572.0,487.0,663.0,487.0,481.0,519.0,1638.0,123.0,565.0,597.0,715.0,363.0,708.0,630.0,923.0,318.0,923.0,636.0,1105.0,318.0,1085.0,545.0,1072.0,409.0,1072.0,539.0,1378.0,402.0,1371.0,519.0,1638.0,441.0,1638.0
267,487.0,567.0,487.0,658.0,487.0,476.0,526.0,1642.0,124.0,567.0,597.0,716.0,364.0,703.0,629.0,923.0,318.0,917.0,636.0,1104.0,312.0,1085.0,545.0,1072.0,409.0,1072.0,539.0,1377.0,403.0,1377.0,519.0,1642.0,448.0,1642.0
268,487.0,568.0,487.0,652.0,487.0,471.0,526.0,1636.0,124.0,568.0,597.0,717.0,364.0,704.0,629.0,924.0,319.0,918.0,636.0,1105.0,319.0,1086.0,545.0,1073.0,409.0,1073.0,539.0,1371.0,403.0,1371.0,519.0,1636.0,442.0,1643.0
269,487.0,568.0,487.0,659.0,487.0,471.0,545.0,1358.0,124.0,568.0,597.0,717.0,364.0,704.0,629.0,924.0,318.0,918.0,636.0,1105.0,318.0,1086.0,545.0,1073.0,409.0,1073.0,539.0,1371.0,403.0,1371.0,519.0,1636.0,441.0,1643.0
270,487.0,568.0,487.0,658.0,487.0,477.0,545.0,1358.0,124.0,568.0,597.0,717.0,364.0,704.0,629.0,924.0,318.0,917.0,636.0,1105.0,318.0,1086.0,545.0,1073.0,409.0,1079.0,539.0,1371.0,403.0,1371.0,519.0,1637.0,442.0,1643.0
271,487.0,568.0,487.0,659.0,481.0,477.0,545.0,1358.0,124.0,568.0,597.0,717.0,364.0,704.0,630.0,924.0,319.0,918.0,636.0,1105.0,319.0,1086.0,539.0,1080.0,409.0,1080.0,539.0,1371.0,403.0,1371.0,519.0,1637.0,442.0,1643.0
272,487.0,568.0,487.0,659.0,481.0,477.0,526.0,1636.0,125.0,568.0,597.0,717.0,364.0,704.0,630.0,924.0,319.0,918.0,636.0,1105.0,319.0,1086.0,539.0,1079.0,410.0,1079.0,539.0,1377.0,403.0,1371.0,520.0,1636.0,442.0,1643.0
273,487.0,568.0,487.0,658.0,481.0,477.0,526.0,1642.0,125.0,568.0,597.0,717.0,364.0,704.0,630.0,924.0,319.0,917.0,636.0,1105.0,319.0,1086.0,539.0,1079.0,410.0,1079.0,539.0,1377.0,403.0,1370.0,520.0,1636.0,442.0,1642.0
274,487.0,567.0,487.0,658.0,481.0,477.0,526.0,1642.0,125.0,567.0,597.0,716.0,364.0,703.0,629.0,923.0,319.0,917.0,636.0,1105.0,319.0,1085.0,539.0,1079.0,409.0,1079.0,539.0,1376.0,403.0,1370.0,519.0,1642.0,442.0,1642.0
275,487.0,568.0,480.0,659.0,480.0,478.0,519.0,1635.0,125.0,568.0,597.0,717.0,364.0,704.0,629.0,924.0,319.0,917.0,636.0,1105.0,319.0,1085.0,539.0,1079.0,409.0,1079.0,539.0,1370.0,403.0,1370.0,519.0,1635.0,442.0,1641.0
276,484.0,571.0,484.0,661.0,484.0,481.0,542.0,1348.0,125.0,564.0,600.0,718.0,369.0,706.0,632.0,924.0,317.0,911.0,632.0,1097.0,311.0,1084.0,542.0,1072.0,407.0,1072.0,536.0,1367.0,401.0,1367.0,516.0,1624.0,446.0,1630.0
277,480.0,569.0,487.0,660.0,480.0,479.0,525.0,1634.0,125.0,569.0,596.0,718.0,371.0,705.0,629.0,924.0,319.0,911.0,635.0,1105.0,313.0,1079.0,538.0,1079.0,409.0,1079.0,538.0,1376.0,403.0,1369.0,519.0,1634.0,448.0,1640.0
278,484.0,565.0,484.0,654.0,484.0,475.0,541.0,1364.0,126.0,565.0,599.0,718.0,369.0,706.0,631.0,923.0,317.0,917.0,631.0,1102.0,317.0,1077.0,541.0,1064.0,407.0,1064.0,535.0,1364.0,394.0,1364.0,516.0,1620.0,445.0,1627.0
279,480.0,569.0,487.0,659.0,487.0,486.0,525.0,1630.0,126.0,569.0,596.0,717.0,371.0,704.0,628.0,923.0,319.0,910.0,634.0,1103.0,313.0,1077.0,538.0,1077.0,409.0,1077.0,538.0,1373.0,403.0,1367.0,519.0,1630.0,442.0,1637.0
280,484.0,566.0,484.0,655.0,484.0,476.0,529.0,1620.0,126.0,566.0,599.0,719.0,369.0,706.0,631.0,923.0,318.0,917.0,631.0,1102.0,318.0,1077.0,541.0,1058.0,407.0,1064.0,535.0,1364.0,394.0,1364.0,516.0,1620.0,446.0,1626.0
281,487.0,571.0,487.0,660.0,480.0,481.0,525.0,1630.0,127.0,571.0,602.0,718.0,371.0,705.0,628.0,924.0,320.0,911.0,634.0,1104.0,313.0,1078.0,538.0,1078.0,409.0,1078.0,538.0,1373.0,403.0,1367.0,519.0,1630.0,442.0,1636.0
282,484.0,565.0,484.0,655.0,484.0,469.0,541.0,1365.0,126.0,565.0,599.0,719.0,369.0,706.0,631.0,923.0,317.0,910.0,631.0,1102.0,317.0,1077.0,541.0,1058.0,407.0,1058.0,535.0,1371.0,401.0,1371.0,516.0,1627.0,445.0,1627.0
283,484.0,564.0,484.0,654.0,484.0,475.0,522.0,1627.0,125.0,564.0,599.0,718.0,369.0,705.0,631.0,923.0,317.0,910.0,631.0,1102.0,317.0,1077.0,535.0,1057.0,407.0,1064.0,535.0,1371.0,401.0,1365.0,516.0,1621.0,445.0,1627.0
284,484.0,563.0,484.0,653.0,484.0,480.0,522.0,1627.0,125.0,563.0,599.0,717.0,369.0,704.0,631.0,922.0,324.0,909.0,631.0,1101.0,317.0,1082.0,541.0,1050.0,407.0,1057.0,535.0,1364.0,401.0,1364.0,516.0,1627.0,445.0,1627.0
285,484.0,562.0,484.0,658.0,484.0,479.0,522.0,1621.0,125.0,562.0,599.0,716.0,368.0,703.0,631.0,921.0,323.0,909.0,631.0,1101.0,317.0,1082.0,535.0,1056.0,407.0,1056.0,535.0,1364.0,400.0,1364.0,516.0,1621.0,445.0,1627.0
286,484.0,567.0,484.0,657.0,484.0,477.0,542.0,1363.0,124.0,561.0,600.0,715.0,368.0,702.0,632.0,927.0,317.0,914.0,632.0,1100.0,317.0,1081.0,542.0,1061.0,407.0,1061.0,535.0,1370.0,401.0,1363.0,516.0,1626.0,446.0,1626.0
287,484.0,566.0,484.0,656.0,484.0,476.0,542.0,1364.0,124.0,560.0,600.0,714.0,368.0,701.0,632.0,926.0,317.0,914.0,626.0,1100.0,317.0,1087.0,542.0,1061.0,407.0,1061.0,536.0,1377.0,401.0,1370.0,516.0,1621.0,446.0,1627.0
288,484.0,566.0,484.0,656.0,484.0,476.0,542.0,1363.0,124.0,559.0,600.0,714.0,368.0,701.0,632.0,926.0,323.0,913.0,625.0,1099.0,317.0,1087.0,542.0,1061.0,407.0,1067.0,542.0,1369.0,400.0,1369.0,516.0,1620.0,445.0,1633.0
289,484.0,565.0,484.0,655.0,484.0,481.0,542.0,1366.0,122.0,558.0,600.0,713.0,368.0,700.0,626.0,926.0,322.0,914.0,626.0,1101.0,322.0,1088.0,542.0,1062.0,406.0,1062.0,536.0,1372.0,400.0,1366.0,516.0,1624.0,445.0,1631.0
290,487.0,569.0,487.0,654.0,487.0,477.0,539.0,1385.0,121.0,562.0,598.0,712.0,369.0,706.0,630.0,928.0,324.0,915.0,624.0,1104.0,324.0,1091.0,539.0,1085.0,408.0,1085.0,539.0,1392.0,402.0,1385.0,519.0,1640.0,448.0,1646.0
291,484.0,565.0,484.0,656.0,484.0,475.0,543.0,1369.0,121.0,559.0,601.0,714.0,368.0,701.0,627.0,928.0,322.0,915.0,620.0,1103.0,322.0,1090.0,543.0,1071.0,413.0,1071.0,536.0,1382.0,400.0,1369.0,517.0,1628.0,445.0,1635.0
292,487.0,563.0,487.0,654.0,480.0,478.0,539.0,1387.0,121.0,563.0,598.0,713.0,369.0,700.0,624.0,929.0,324.0,909.0,618.0,1105.0,317.0,1086.0,546.0,1086.0,409.0,1086.0,539.0,1393.0,409.0,1387.0,520.0,1642.0,441.0,1648.0
293,487.0,563.0,487.0,654.0,480.0,478.0,546.0,1385.0,122.0,563.0,598.0,713.0,370.0,700.0,624.0,928.0,324.0,915.0,617.0,1098.0,324.0,1091.0,546.0,1085.0,415.0,1085.0,539.0,1391.0,409.0,1385.0,520.0,1639.0,441.0,1646.0
294,481.0,565.0,481.0,656.0,481.0,474.0,546.0,1379.0,123.0,565.0,598.0,715.0,364.0,702.0,624.0,930.0,325.0,910.0,618.0,1099.0,325.0,1086.0,546.0,1086.0,416.0,1086.0,539.0,1392.0,403.0,1379.0,520.0,1639.0,442.0,1646.0
295,481.0,566.0,481.0,657.0,481.0,475.0,546.0,1380.0,123.0,566.0,598.0,716.0,364.0,703.0,624.0,931.0,325.0,911.0,618.0,1100.0,325.0,1087.0,546.0,1087.0,416.0,1087.0,540.0,1386.0,403.0,1386.0,520.0,1640.0,442.0,1647.0
296,481.0,567.0,487.0,658.0,481.0,476.0,539.0,1384.0,124.0,567.0,598.0,716.0,364.0,703.0,624.0,930.0,325.0,911.0,611.0,1105.0,325.0,1086.0,546.0,1086.0,416.0,1086.0,539.0,1391.0,403.0,1384.0,520.0,1637.0,442.0,1643.0
297,480.0,564.0,487.0,654.0,484.0,463.0,539.0,1379.0,125.0,570.0,597.0,719.0,370.0,699.0,623.0,932.0,325.0,906.0,610.0,1107.0,325.0,1088.0,545.0,1088.0,416.0,1081.0,539.0,1385.0,403.0,1385.0,519.0,1638.0,442.0,1644.0
298,480.0,563.0,487.0,653.0,483.0,463.0,545.0,1370.0,125.0,570.0,603.0,718.0,370.0,699.0,622.0,931.0,325.0,912.0,609.0,1106.0,332.0,1086.0,545.0,1086.0,416.0,1080.0,538.0,1383.0,409.0,1383.0,519.0,1635.0,441.0,1642.0
299,480.0,564.0,480.0,654.0,484.0,464.0,525.0,1631.0,127.0,570.0,602.0,718.0,365.0,699.0,622.0,930.0,326.0,911.0,602.0,1104.0,333.0,1091.0,551.0,1084.0,416.0,1078.0,538.0,1374.0,403.0,1374.0,519.0,1631.0,442.0,1637.0
300,480.0,563.0,480.0,659.0,480.0,473.0,526.0,1619.0,126.0,569.0,596.0,717.0,365.0,705.0,622.0,930.0,326.0,911.0,603.0,1104.0,332.0,1085.0,551.0,1078.0,416.0,1078.0,538.0,1368.0,403.0,1368.0,519.0,1632.0,442.0,1638.0
301,481.0,562.0,481.0,659.0,481.0,472.0,545.0,1354.0,126.0,569.0,597.0,717.0,365.0,704.0,622.0,936.0,326.0,917.0,603.0,1103.0,339.0,1090.0,558.0,1078.0,416.0,1078.0,539.0,1367.0,403.0,1367.0,519.0,1631.0,442.0,1638.0
302,483.0,566.0,483.0,656.0,477.0,481.0,522.0,1637.0,126.0,566.0,600.0,715.0,366.0,702.0,619.0,936.0,327.0,916.0,600.0,1104.0,340.0,1091.0,555.0,1085.0,418.0,1078.0,535.0,1383.0,405.0,1377.0,522.0,1637.0,444.0,1643.0
303,484.0,556.0,484.0,654.0,477.0,472.0,523.0,1637.0,126.0,563.0,601.0,712.0,366.0,706.0,620.0,934.0,334.0,921.0,594.0,1103.0,347.0,1097.0,555.0,1090.0,419.0,1084.0,536.0,1383.0,406.0,1377.0,516.0,1637.0,445.0,1644.0
304,483.0,565.0,483.0,655.0,477.0,474.0,522.0,1633.0,127.0,565.0,600.0,714.0,367.0,707.0,619.0,934.0,334.0,921.0,593.0,1109.0,347.0,1096.0,548.0,1083.0,418.0,1083.0,535.0,1374.0,406.0,1368.0,522.0,1633.0,444.0,1640.0
305,483.0,565.0,483.0,656.0,477.0,475.0,522.0,1634.0,127.0,565.0,600.0,714.0,367.0,708.0,619.0,934.0,334.0,921.0,587.0,1103.0,354.0,1096.0,548.0,1083.0,418.0,1077.0,535.0,1368.0,405.0,1362.0,522.0,1634.0,444.0,1640.0
306,481.0,560.0,481.0,651.0,475.0,470.0,527.0,1621.0,126.0,560.0,598.0,716.0,365.0,709.0,617.0,935.0,333.0,922.0,585.0,1103.0,359.0,1097.0,552.0,1084.0,417.0,1078.0,533.0,1369.0,397.0,1362.0,520.0,1627.0,443.0,1634.0
307,486.0,560.0,486.0,653.0,480.0,473.0,520.0,1632.0,120.0,560.0,599.0,720.0,366.0,706.0,613.0,940.0,340.0,920.0,586.0,1106.0,360.0,1099.0,553.0,1079.0,413.0,1079.0,533.0,1379.0,400.0,1366.0,520.0,1645.0,446.0,1652.0
308,480.0,564.0,487.0,656.0,473.0,477.0,520.0,1631.0,122.0,564.0,599.0,716.0,367.0,709.0,613.0,935.0,341.0,922.0,580.0,1107.0,367.0,1094.0,553.0,1074.0,414.0,1074.0,533.0,1379.0,401.0,1366.0,520.0,1644.0,440.0,1651.0
309,480.0,569.0,487.0,662.0,474.0,475.0,520.0,1621.0,120.0,562.0,600.0,722.0,367.0,708.0,613.0,942.0,340.0,915.0,573.0,1115.0,367.0,1095.0,554.0,1068.0,414.0,1068.0,534.0,1375.0,407.0,1368.0,520.0,1648.0,440.0,1655.0
310,481.0,571.0,488.0,665.0,481.0,483.0,522.0,1632.0,116.0,557.0,603.0,726.0,366.0,713.0,609.0,936.0,346.0,916.0,576.0,1112.0,373.0,1098.0,549.0,1064.0,413.0,1064.0,535.0,1369.0,407.0,1362.0,522.0,1652.0,447.0,1659.0
311,481.0,575.0,488.0,664.0,481.0,486.0,536.0,1359.0,113.0,554.0,604.0,725.0,365.0,711.0,610.0,943.0,345.0,923.0,570.0,1113.0,379.0,1100.0,549.0,1066.0,413.0,1073.0,542.0,1373.0,406.0,1366.0,522.0,1638.0,447.0,1652.0
312,481.0,575.0,481.0,663.0,481.0,486.0,536.0,1359.0,113.0,554.0,604.0,725.0,365.0,711.0,611.0,943.0,345.0,923.0,570.0,1114.0,386.0,1100.0,550.0,1066.0,413.0,1073.0,536.0,1373.0,406.0,1366.0,522.0,1639.0,447.0,1653.0
313,481.0,571.0,481.0,668.0,481.0,489.0,522.0,1630.0,110.0,551.0,605.0,729.0,364.0,716.0,612.0,936.0,351.0,929.0,571.0,1115.0,392.0,1101.0,550.0,1066.0,412.0,1073.0,536.0,1376.0,412.0,1376.0,522.0,1644.0,447.0,1651.0
314,482.0,576.0,482.0,672.0,475.0,486.0,537.0,1361.0,110.0,548.0,599.0,727.0,365.0,720.0,606.0,941.0,351.0,927.0,565.0,1120.0,393.0,1106.0,551.0,1065.0,413.0,1072.0,544.0,1375.0,413.0,1368.0,524.0,1644.0,448.0,1658.0
315,482.0,579.0,482.0,670.0,482.0,489.0,538.0,1366.0,106.0,544.0,601.0,732.0,364.0,725.0,608.0,941.0,357.0,934.0,566.0,1122.0,399.0,1108.0,552.0,1074.0,413.0,1080.0,545.0,1373.0,413.0,1373.0,517.0,1644.0,447.0,1651.0
316,482.0,584.0,482.0,681.0,476.0,494.0,538.0,1364.0,110.0,550.0,600.0,736.0,365.0,722.0,607.0,943.0,351.0,936.0,565.0,1122.0,400.0,1109.0,551.0,1074.0,407.0,1081.0,545.0,1371.0,413.0,1371.0,524.0,1640.0,448.0,1654.0
317,483.0,597.0,483.0,680.0,476.0,501.0,545.0,1363.0,110.0,549.0,600.0,735.0,366.0,729.0,607.0,949.0,359.0,936.0,566.0,1122.0,407.0,1115.0,552.0,1074.0,407.0,1080.0,545.0,1370.0,414.0,1370.0,517.0,1639.0,441.0,1653.0
318,480.0,585.0,487.0,681.0,480.0,497.0,521.0,1626.0,113.0,551.0,603.0,742.0,365.0,728.0,609.0,946.0,358.0,946.0,562.0,1123.0,412.0,1116.0,555.0,1075.0,412.0,1082.0,541.0,1374.0,405.0,1367.0,521.0,1639.0,446.0,1646.0
319,482.0,585.0,482.0,686.0,475.0,504.0,536.0,1359.0,119.0,565.0,603.0,740.0,367.0,733.0,610.0,955.0,361.0,942.0,562.0,1130.0,415.0,1116.0,556.0,1069.0,408.0,1076.0,542.0,1372.0,408.0,1365.0,522.0,1641.0,448.0,1648.0
320,481.0,596.0,481.0,690.0,481.0,509.0,542.0,1361.0,119.0,570.0,602.0,744.0,367.0,737.0,609.0,958.0,361.0,945.0,562.0,1133.0,414.0,1119.0,562.0,1079.0,414.0,1086.0,542.0,1374.0,414.0,1367.0,522.0,1642.0,448.0,1649.0
321,481.0,600.0,481.0,691.0,475.0,509.0,546.0,1368.0,130.0,600.0,598.0,750.0,371.0,743.0,611.0,958.0,364.0,952.0,559.0,1134.0,416.0,1121.0,559.0,1069.0,410.0,1069.0,546.0,1375.0,416.0,1368.0,520.0,1641.0,442.0,1648.0
322,481.0,609.0,481.0,700.0,475.0,519.0,546.0,1372.0,132.0,609.0,597.0,758.0,371.0,752.0,610.0,965.0,365.0,958.0,559.0,1139.0,423.0,1126.0,559.0,1081.0,410.0,1081.0,546.0,1378.0,423.0,1372.0,520.0,1643.0,442.0,1650.0
323,481.0,615.0,481.0,705.0,475.0,519.0,552.0,1374.0,134.0,615.0,597.0,763.0,365.0,757.0,610.0,969.0,365.0,962.0,558.0,1142.0,423.0,1129.0,565.0,1071.0,410.0,1078.0,545.0,1380.0,423.0,1374.0,520.0,1643.0,443.0,1650.0
324,481.0,616.0,481.0,710.0,478.0,525.0,544.0,1370.0,142.0,629.0,601.0,767.0,368.0,760.0,613.0,974.0,362.0,968.0,557.0,1150.0,425.0,1131.0,563.0,1081.0,412.0,1087.0,544.0,1376.0,425.0,1370.0,519.0,1646.0,444.0,1646.0
325,482.0,628.0,482.0,722.0,479.0,532.0,551.0,1366.0,145.0,635.0,601.0,772.0,370.0,766.0,613.0,978.0,357.0,972.0,557.0,1147.0,426.0,1134.0,557.0,1078.0,413.0,1084.0,544.0,1372.0,426.0,1372.0,519.0,1647.0,444.0,1647.0
326,482.0,629.0,482.0,723.0,479.0,550.0,519.0,1643.0,144.0,654.0,601.0,779.0,369.0,773.0,613.0,985.0,356.0,979.0,557.0,1154.0,425.0,1142.0,563.0,1079.0,413.0,1086.0,544.0,1380.0,425.0,1373.0,519.0,1649.0,444.0,1649.0
327,481.0,641.0,481.0,735.0,478.0,556.0,550.0,1367.0,144.0,659.0,600.0,785.0,369.0,778.0,613.0,991.0,356.0,985.0,557.0,1154.0,425.0,1148.0,563.0,1091.0,406.0,1091.0,550.0,1379.0,425.0,1373.0,519.0,1648.0,444.0,1654.0
328,486.0,651.0,486.0,743.0,477.0,574.0,523.0,1641.0,148.0,676.0,603.0,792.0,369.0,786.0,615.0,995.0,357.0,989.0,554.0,1161.0,425.0,1155.0,560.0,1094.0,406.0,1094.0,548.0,1383.0,425.0,1371.0,517.0,1653.0,443.0,1653.0
329,486.0,656.0,486.0,747.0,476.0,586.0,522.0,1638.0,152.0,686.0,601.0,795.0,370.0,795.0,619.0,1001.0,358.0,989.0,552.0,1165.0,425.0,1159.0,558.0,1092.0,407.0,1098.0,546.0,1384.0,431.0,1372.0,516.0,1651.0,443.0,1651.0
330,485.0,658.0,485.0,756.0,476.0,582.0,522.0,1642.0,149.0,683.0,601.0,805.0,369.0,799.0,620.0,1006.0,357.0,1000.0,552.0,1171.0,424.0,1165.0,559.0,1104.0,412.0,1116.0,552.0,1391.0,430.0,1385.0,516.0,1654.0,449.0,1654.0
331,484.0,667.0,484.0,758.0,475.0,592.0,520.0,1646.0,152.0,692.0,599.0,812.0,369.0,806.0,617.0,1012.0,357.0,1006.0,551.0,1175.0,430.0,1169.0,563.0,1108.0,412.0,1114.0,551.0,1392.0,430.0,1386.0,520.0,1652.0,448.0,1652.0
332,484.0,674.0,484.0,770.0,475.0,592.0,520.0,1641.0,151.0,692.0,599.0,819.0,369.0,813.0,617.0,1024.0,351.0,1012.0,551.0,1182.0,424.0,1169.0,563.0,1127.0,411.0,1139.0,545.0,1393.0,436.0,1393.0,520.0,1653.0,448.0,1653.0
333,484.0,690.0,484.0,780.0,475.0,603.0,544.0,1389.0,152.0,702.0,598.0,822.0,369.0,822.0,622.0,1027.0,351.0,1015.0,550.0,1184.0,423.0,1178.0,562.0,1130.0,411.0,1142.0,544.0,1401.0,435.0,1395.0,520.0,1654.0,447.0,1648.0
334,484.0,697.0,484.0,786.0,475.0,610.0,543.0,1395.0,156.0,709.0,603.0,834.0,370.0,828.0,621.0,1031.0,346.0,1025.0,549.0,1192.0,424.0,1180.0,561.0,1144.0,412.0,1150.0,543.0,1401.0,436.0,1401.0,519.0,1651.0,448.0,1651.0
335,485.0,702.0,485.0,792.0,476.0,609.0,551.0,1397.0,155.0,708.0,598.0,840.0,371.0,834.0,622.0,1038.0,347.0,1026.0,551.0,1199.0,425.0,1187.0,563.0,1151.0,413.0,1157.0,551.0,1403.0,437.0,1409.0,521.0,1655.0,449.0,1655.0
336,485.0,707.0,485.0,798.0,479.0,617.0,551.0,1400.0,153.0,707.0,599.0,846.0,370.0,846.0,623.0,1045.0,346.0,1033.0,551.0,1207.0,418.0,1189.0,563.0,1159.0,412.0,1171.0,551.0,1412.0,437.0,1406.0,515.0,1647.0,449.0,1647.0
337,484.0,719.0,484.0,804.0,484.0,629.0,551.0,1403.0,152.0,707.0,599.0,853.0,369.0,853.0,624.0,1046.0,339.0,1034.0,551.0,1209.0,424.0,1197.0,563.0,1155.0,412.0,1161.0,551.0,1409.0,436.0,1409.0,515.0,1645.0,448.0,1645.0
338,485.0,727.0,485.0,817.0,485.0,638.0,551.0,1401.0,157.0,715.0,598.0,864.0,372.0,858.0,628.0,1055.0,336.0,1037.0,551.0,1210.0,419.0,1199.0,563.0,1169.0,413.0,1169.0,551.0,1413.0,437.0,1413.0,521.0,1652.0,443.0,1658.0
339,484.0,731.0,484.0,826.0,484.0,642.0,544.0,1406.0,159.0,719.0,603.0,873.0,366.0,861.0,638.0,1057.0,336.0,1045.0,550.0,1217.0,419.0,1205.0,561.0,1169.0,413.0,1181.0,544.0,1412.0,437.0,1424.0,520.0,1649.0,449.0,1655.0
340,484.0,739.0,484.0,832.0,484.0,651.0,542.0,1414.0,163.0,727.0,600.0,879.0,367.0,873.0,635.0,1065.0,332.0,1053.0,548.0,1216.0,420.0,1211.0,559.0,1181.0,414.0,1193.0,542.0,1420.0,431.0,1426.0,519.0,1653.0,443.0,1653.0
341,484.0,752.0,484.0,838.0,484.0,665.0,542.0,1413.0,168.0,734.0,605.0,884.0,369.0,878.0,645.0,1073.0,329.0,1056.0,547.0,1223.0,421.0,1211.0,559.0,1188.0,415.0,1194.0,542.0,1418.0,432.0,1430.0,519.0,1648.0,444.0,1654.0
342,484.0,759.0,484.0,850.0,484.0,669.0,518.0,1641.0,173.0,742.0,602.0,889.0,371.0,884.0,648.0,1076.0,320.0,1059.0,546.0,1223.0,421.0,1212.0,557.0,1189.0,416.0,1195.0,546.0,1421.0,433.0,1432.0,518.0,1653.0,444.0,1653.0
343,483.0,768.0,483.0,857.0,488.0,679.0,516.0,1636.0,177.0,751.0,605.0,901.0,372.0,890.0,650.0,1085.0,316.0,1057.0,550.0,1224.0,422.0,1219.0,555.0,1191.0,416.0,1196.0,544.0,1425.0,433.0,1436.0,516.0,1653.0,444.0,1653.0
344,487.0,778.0,487.0,865.0,487.0,685.0,519.0,1637.0,180.0,761.0,601.0,909.0,372.0,898.0,651.0,1095.0,317.0,1062.0,547.0,1227.0,421.0,1221.0,552.0,1194.0,415.0,1205.0,536.0,1418.0,432.0,1435.0,519.0,1653.0,443.0,1648.0
345,486.0,786.0,486.0,872.0,491.0,694.0,540.0,1406.0,183.0,769.0,604.0,915.0,372.0,904.0,653.0,1104.0,313.0,1072.0,550.0,1233.0,421.0,1223.0,550.0,1190.0,415.0,1190.0,540.0,1412.0,432.0,1433.0,518.0,1649.0,448.0,1654.0
346,485.0,791.0,485.0,876.0,491.0,705.0,517.0,1631.0,186.0,775.0,603.0,919.0,373.0,914.0,657.0,1106.0,314.0,1074.0,550.0,1235.0,421.0,1224.0,550.0,1197.0,416.0,1192.0,539.0,1411.0,432.0,1428.0,517.0,1647.0,448.0,1652.0
347,488.0,799.0,483.0,884.0,493.0,709.0,520.0,1643.0,186.0,778.0,605.0,927.0,371.0,921.0,663.0,1107.0,313.0,1081.0,552.0,1234.0,419.0,1229.0,552.0,1203.0,414.0,1208.0,541.0,1399.0,435.0,1425.0,520.0,1654.0,446.0,1648.0
348,488.0,804.0,483.0,889.0,494.0,715.0,520.0,1648.0,188.0,783.0,604.0,931.0,372.0,926.0,662.0,1110.0,309.0,1084.0,552.0,1237.0,420.0,1226.0,552.0,1205.0,414.0,1205.0,536.0,1400.0,436.0,1427.0,520.0,1654.0,446.0,1654.0
349,489.0,812.0,484.0,897.0,494.0,723.0,521.0,1648.0,190.0,786.0,605.0,939.0,374.0,933.0,663.0,1117.0,311.0,1091.0,552.0,1238.0,421.0,1233.0,552.0,1207.0,416.0,1201.0,536.0,1396.0,431.0,1422.0,521.0,1653.0,447.0,1653.0
350,491.0,821.0,485.0,905.0,496.0,731.0,522.0,1641.0,191.0,789.0,606.0,947.0,375.0,936.0,664.0,1120.0,307.0,1099.0,554.0,1241.0,417.0,1236.0,548.0,1210.0,417.0,1215.0,533.0,1394.0,433.0,1431.0,517.0,1652.0,443.0,1657.0
351,489.0,828.0,489.0,911.0,499.0,739.0,520.0,1650.0,197.0,802.0,603.0,953.0,374.0,942.0,666.0,1125.0,306.0,1104.0,551.0,1244.0,416.0,1239.0,551.0,1208.0,421.0,1208.0,530.0,1390.0,426.0,1416.0,515.0,1656.0,447.0,1661.0
352,490.0,832.0,485.0,920.0,500.0,743.0,521.0,1649.0,198.0,806.0,605.0,957.0,375.0,951.0,667.0,1128.0,308.0,1108.0,547.0,1248.0,417.0,1243.0,552.0,1212.0,417.0,1212.0,526.0,1394.0,422.0,1436.0,516.0,1660.0,443.0,1660.0
353,490.0,843.0,485.0,926.0,500.0,749.0,521.0,1645.0,198.0,811.0,604.0,963.0,375.0,957.0,667.0,1134.0,302.0,1114.0,552.0,1249.0,417.0,1244.0,552.0,1218.0,417.0,1218.0,526.0,1390.0,427.0,1426.0,516.0,1661.0,443.0,1661.0
354,489.0,847.0,489.0,930.0,500.0,759.0,520.0,1643.0,200.0,821.0,603.0,971.0,376.0,961.0,670.0,1136.0,303.0,1116.0,551.0,1250.0,417.0,1245.0,551.0,1230.0,417.0,1224.0,526.0,1390.0,422.0,1426.0,520.0,1659.0,443.0,1659.0
355,489.0,853.0,489.0,940.0,499.0,766.0,520.0,1650.0,201.0,827.0,602.0,976.0,376.0,966.0,674.0,1141.0,304.0,1120.0,550.0,1254.0,417.0,1249.0,550.0,1233.0,417.0,1233.0,530.0,1377.0,422.0,1424.0,520.0,1665.0,443.0,1660.0
356,493.0,864.0,483.0,952.0,501.0,764.0,519.0,1655.0,196.0,849.0,601.0,982.0,375.0,972.0,673.0,1142.0,303.0,1126.0,545.0,1255.0,416.0,1244.0,545.0,1239.0,411.0,1239.0,524.0,1383.0,422.0,1429.0,519.0,1660.0,442.0,1655.0
357,493.0,870.0,483.0,957.0,501.0,771.0,529.0,1370.0,198.0,855.0,600.0,988.0,376.0,977.0,672.0,1146.0,305.0,1130.0,544.0,1253.0,412.0,1248.0,544.0,1237.0,412.0,1242.0,529.0,1380.0,427.0,1406.0,519.0,1660.0,442.0,1655.0
358,493.0,876.0,483.0,967.0,503.0,785.0,529.0,1371.0,200.0,861.0,599.0,992.0,372.0,982.0,670.0,1149.0,306.0,1134.0,544.0,1255.0,417.0,1250.0,544.0,1240.0,412.0,1240.0,529.0,1381.0,428.0,1402.0,519.0,1665.0,443.0,1665.0
359,494.0,882.0,484.0,967.0,501.0,784.0,529.0,1369.0,328.0,867.0,604.0,992.0,373.0,987.0,669.0,1153.0,303.0,1138.0,544.0,1253.0,418.0,1248.0,544.0,1243.0,408.0,1243.0,524.0,1379.0,423.0,1409.0,519.0,1660.0,443.0,1660.0
360,493.0,886.0,483.0,970.0,501.0,788.0,528.0,1375.0,328.0,871.0,603.0,1000.0,373.0,990.0,673.0,1160.0,308.0,1140.0,543.0,1255.0,418.0,1250.0,543.0,1245.0,408.0,1245.0,523.0,1380.0,423.0,1405.0,518.0,1659.0,443.0,1659.0
361,493.0,887.0,483.0,981.0,503.0,797.0,528.0,1368.0,329.0,872.0,602.0,1001.0,374.0,991.0,671.0,1159.0,304.0,1145.0,547.0,1254.0,413.0,1249.0,542.0,1244.0,413.0,1244.0,528.0,1378.0,428.0,1393.0,518.0,1655.0,443.0,1660.0
362,492.0,895.0,483.0,984.0,502.0,801.0,527.0,1364.0,330.0,875.0,601.0,1003.0,374.0,998.0,670.0,1161.0,305.0,1146.0,547.0,1255.0,414.0,1250.0,542.0,1250.0,414.0,1245.0,522.0,1374.0,428.0,1393.0,517.0,1655.0,443.0,1660.0
363,494.0,893.0,484.0,984.0,501.0,808.0,528.0,1359.0,330.0,888.0,600.0,1008.0,374.0,998.0,672.0,1162.0,302.0,1143.0,547.0,1253.0,412.0,1253.0,542.0,1248.0,412.0,1248.0,528.0,1369.0,427.0,1388.0,518.0,1657.0,441.0,1657.0
364,495.0,891.0,480.0,986.0,502.0,812.0,523.0,1360.0,332.0,891.0,600.0,1006.0,375.0,1001.0,672.0,1164.0,303.0,1145.0,547.0,1255.0,413.0,1255.0,543.0,1250.0,413.0,1245.0,523.0,1370.0,428.0,1389.0,514.0,1652.0,442.0,1657.0
365,490.0,893.0,481.0,989.0,502.0,815.0,524.0,1361.0,328.0,893.0,600.0,1008.0,371.0,1003.0,672.0,1165.0,304.0,1151.0,548.0,1256.0,414.0,1256.0,543.0,1247.0,414.0,1251.0,524.0,1371.0,424.0,1390.0,514.0,1652.0,443.0,1657.0
366,490.0,899.0,481.0,989.0,502.0,815.0,524.0,1357.0,328.0,894.0,600.0,1008.0,371.0,1004.0,672.0,1166.0,304.0,1152.0,548.0,1252.0,414.0,1257.0,543.0,1252.0,414.0,1252.0,524.0,1367.0,423.0,1386.0,514.0,1654.0,442.0,1658.0
367,492.0,894.0,482.0,989.0,504.0,821.0,525.0,1359.0,340.0,909.0,596.0,1013.0,373.0,1004.0,672.0,1165.0,302.0,1155.0,549.0,1255.0,416.0,1260.0,544.0,1250.0,416.0,1250.0,525.0,1369.0,425.0,1383.0,515.0,1649.0,444.0,1658.0
368,492.0,898.0,482.0,992.0,494.0,824.0,525.0,1358.0,221.0,912.0,596.0,1011.0,373.0,1007.0,672.0,1163.0,307.0,1154.0,549.0,1253.0,411.0,1258.0,544.0,1253.0,416.0,1253.0,525.0,1367.0,425.0,1386.0,515.0,1642.0,444.0,1652.0
369,487.0,899.0,482.0,993.0,494.0,825.0,525.0,1358.0,222.0,913.0,596.0,1012.0,373.0,1008.0,667.0,1159.0,307.0,1155.0,549.0,1254.0,411.0,1259.0,544.0,1254.0,416.0,1254.0,525.0,1368.0,425.0,1387.0,515.0,1643.0,444.0,1652.0
370,487.0,899.0,478.0,994.0,494.0,826.0,525.0,1359.0,222.0,914.0,596.0,1013.0,373.0,1008.0,667.0,1160.0,307.0,1155.0,549.0,1255.0,411.0,1260.0,544.0,1255.0,416.0,1255.0,525.0,1369.0,425.0,1383.0,516.0,1644.0,444.0,1653.0
371,487.0,899.0,478.0,990.0,494.0,826.0,525.0,1359.0,222.0,914.0,596.0,1013.0,373.0,1004.0,667.0,1160.0,307.0,1155.0,549.0,1255.0,411.0,1260.0,544.0,1250.0,416.0,1255.0,525.0,1369.0,425.0,1383.0,516.0,1644.0,444.0,1653.0
372,487.0,897.0,478.0,987.0,494.0,823.0,525.0,1359.0,335.0,911.0,592.0,1011.0,373.0,1006.0,668.0,1159.0,306.0,1154.0,545.0,1259.0,411.0,1259.0,545.0,1254.0,416.0,1254.0,525.0,1369.0,425.0,1383.0,516.0,1650.0,444.0,1655.0
373,488.0,892.0,478.0,982.0,485.0,823.0,526.0,1359.0,721.0,911.0,593.0,1011.0,373.0,1002.0,664.0,1159.0,307.0,1154.0,545.0,1259.0,411.0,1259.0,545.0,1249.0,416.0,1254.0,526.0,1369.0,426.0,1383.0,516.0,1650.0,445.0,1655.0
374,485.0,891.0,480.0,980.0,487.0,822.0,527.0,1360.0,226.0,909.0,593.0,1008.0,372.0,1003.0,663.0,1158.0,311.0,1153.0,546.0,1257.0,409.0,1261.0,546.0,1252.0,414.0,1252.0,527.0,1369.0,424.0,1384.0,517.0,1651.0,442.0,1661.0
375,485.0,889.0,480.0,974.0,487.0,821.0,527.0,1360.0,226.0,908.0,593.0,1007.0,372.0,1002.0,663.0,1157.0,311.0,1153.0,546.0,1256.0,410.0,1261.0,546.0,1251.0,414.0,1251.0,527.0,1369.0,424.0,1383.0,518.0,1651.0,442.0,1665.0
376,485.0,885.0,480.0,970.0,487.0,822.0,527.0,1360.0,226.0,909.0,593.0,1007.0,372.0,998.0,663.0,1158.0,311.0,1153.0,546.0,1256.0,410.0,1261.0,541.0,1252.0,414.0,1252.0,527.0,1369.0,424.0,1383.0,518.0,1656.0,442.0,1665.0
377,485.0,887.0,480.0,976.0,487.0,824.0,527.0,1357.0,226.0,911.0,593.0,1004.0,372.0,995.0,663.0,1155.0,311.0,1155.0,546.0,1258.0,409.0,1263.0,546.0,1249.0,414.0,1253.0,527.0,1366.0,424.0,1380.0,517.0,1652.0,442.0,1662.0
378,482.0,890.0,478.0,979.0,485.0,826.0,524.0,1358.0,224.0,913.0,590.0,1002.0,370.0,997.0,660.0,1157.0,309.0,1152.0,543.0,1260.0,412.0,1265.0,543.0,1251.0,412.0,1251.0,524.0,1368.0,426.0,1377.0,520.0,1654.0,440.0,1663.0
379,483.0,887.0,478.0,972.0,485.0,824.0,525.0,1358.0,224.0,911.0,591.0,1000.0,370.0,995.0,657.0,1156.0,309.0,1151.0,544.0,1254.0,408.0,1264.0,544.0,1250.0,417.0,1250.0,525.0,1363.0,426.0,1377.0,516.0,1650.0,441.0,1659.0
380,483.0,883.0,478.0,969.0,476.0,820.0,526.0,1357.0,222.0,907.0,587.0,997.0,374.0,992.0,653.0,1153.0,312.0,1149.0,545.0,1258.0,407.0,1262.0,545.0,1243.0,417.0,1248.0,526.0,1367.0,426.0,1376.0,516.0,1646.0,445.0,1660.0
381,481.0,880.0,477.0,961.0,484.0,806.0,525.0,1353.0,333.0,894.0,587.0,995.0,372.0,990.0,654.0,1157.0,314.0,1148.0,544.0,1258.0,405.0,1258.0,544.0,1248.0,410.0,1253.0,525.0,1363.0,424.0,1372.0,520.0,1655.0,443.0,1659.0
382,481.0,877.0,476.0,959.0,483.0,813.0,524.0,1353.0,721.0,892.0,586.0,993.0,370.0,988.0,649.0,1156.0,313.0,1151.0,543.0,1257.0,404.0,1262.0,543.0,1247.0,409.0,1252.0,524.0,1362.0,423.0,1372.0,519.0,1655.0,442.0,1660.0
383,481.0,879.0,476.0,957.0,483.0,809.0,524.0,1353.0,215.0,889.0,587.0,991.0,374.0,986.0,650.0,1155.0,316.0,1150.0,543.0,1256.0,408.0,1261.0,538.0,1246.0,408.0,1251.0,524.0,1362.0,427.0,1372.0,519.0,1657.0,442.0,1662.0
384,480.0,878.0,475.0,956.0,482.0,808.0,524.0,1353.0,214.0,888.0,586.0,989.0,373.0,985.0,645.0,1154.0,320.0,1149.0,548.0,1256.0,407.0,1261.0,543.0,1246.0,407.0,1251.0,524.0,1362.0,427.0,1372.0,519.0,1648.0,441.0,1662.0
385,480.0,872.0,475.0,955.0,482.0,807.0,528.0,1352.0,213.0,887.0,587.0,989.0,373.0,984.0,645.0,1154.0,315.0,1149.0,548.0,1255.0,407.0,1260.0,543.0,1251.0,407.0,1251.0,524.0,1362.0,427.0,1372.0,519.0,1653.0,441.0,1663.0
386,480.0,874.0,475.0,953.0,482.0,803.0,524.0,1349.0,211.0,884.0,583.0,987.0,372.0,982.0,641.0,1153.0,318.0,1143.0,548.0,1256.0,406.0,1256.0,539.0,1251.0,406.0,1251.0,524.0,1358.0,426.0,1368.0,519.0,1647.0,441.0,1662.0
387,479.0,873.0,474.0,952.0,482.0,802.0,528.0,1349.0,210.0,883.0,582.0,986.0,371.0,981.0,641.0,1153.0,317.0,1143.0,548.0,1256.0,406.0,1260.0,538.0,1251.0,411.0,1251.0,523.0,1359.0,425.0,1368.0,518.0,1648.0,440.0,1663.0
388,479.0,870.0,474.0,949.0,482.0,799.0,524.0,1349.0,726.0,880.0,583.0,984.0,371.0,979.0,637.0,1152.0,321.0,1142.0,548.0,1255.0,405.0,1260.0,539.0,1250.0,405.0,1250.0,524.0,1359.0,425.0,1369.0,519.0,1640.0,440.0,1655.0
389,479.0,865.0,474.0,945.0,482.0,793.0,524.0,1350.0,729.0,875.0,584.0,985.0,375.0,975.0,639.0,1150.0,320.0,1145.0,544.0,1260.0,404.0,1260.0,539.0,1245.0,409.0,1250.0,524.0,1360.0,424.0,1370.0,519.0,1644.0,444.0,1654.0
390,480.0,868.0,475.0,948.0,482.0,790.0,525.0,1350.0,731.0,873.0,580.0,983.0,374.0,978.0,635.0,1149.0,319.0,1144.0,545.0,1259.0,404.0,1259.0,540.0,1244.0,404.0,1249.0,525.0,1360.0,425.0,1370.0,520.0,1656.0,440.0,1656.0
391,479.0,866.0,474.0,942.0,482.0,788.0,525.0,1349.0,203.0,871.0,580.0,982.0,374.0,977.0,635.0,1148.0,323.0,1143.0,545.0,1259.0,404.0,1259.0,540.0,1248.0,409.0,1248.0,525.0,1359.0,424.0,1369.0,520.0,1656.0,444.0,1656.0
392,479.0,866.0,474.0,941.0,482.0,787.0,525.0,1345.0,731.0,871.0,580.0,982.0,373.0,977.0,635.0,1148.0,323.0,1143.0,545.0,1259.0,404.0,1259.0,540.0,1249.0,404.0,1249.0,525.0,1360.0,424.0,1365.0,519.0,1657.0,444.0,1657.0
393,479.0,865.0,474.0,941.0,482.0,787.0,524.0,1345.0,731.0,870.0,580.0,981.0,373.0,971.0,630.0,1148.0,323.0,1143.0,545.0,1259.0,403.0,1259.0,540.0,1249.0,408.0,1249.0,524.0,1355.0,424.0,1365.0,519.0,1657.0,444.0,1657.0
394,479.0,865.0,474.0,941.0,481.0,787.0,524.0,1345.0,731.0,870.0,580.0,981.0,373.0,971.0,630.0,1148.0,322.0,1143.0,544.0,1259.0,403.0,1254.0,539.0,1249.0,403.0,1249.0,524.0,1360.0,423.0,1365.0,519.0,1663.0,443.0,1658.0
395,477.0,858.0,477.0,938.0,480.0,790.0,527.0,1347.0,727.0,873.0,582.0,983.0,372.0,973.0,632.0,1147.0,322.0,1137.0,547.0,1257.0,402.0,1257.0,537.0,1247.0,402.0,1247.0,527.0,1357.0,427.0,1362.0,522.0,1657.0,442.0,1657.0
396,477.0,859.0,477.0,939.0,479.0,792.0,527.0,1347.0,726.0,874.0,582.0,978.0,372.0,973.0,631.0,1143.0,323.0,1138.0,547.0,1252.0,402.0,1257.0,537.0,1247.0,402.0,1247.0,527.0,1357.0,427.0,1362.0,522.0,1656.0,442.0,1661.0
397,477.0,864.0,477.0,939.0,479.0,792.0,526.0,1347.0,726.0,874.0,581.0,978.0,377.0,973.0,626.0,1143.0,327.0,1138.0,546.0,1253.0,402.0,1258.0,536.0,1253.0,402.0,1253.0,526.0,1357.0,427.0,1362.0,521.0,1656.0,442.0,1651.0
398,477.0,858.0,477.0,938.0,479.0,791.0,526.0,1348.0,726.0,873.0,581.0,978.0,377.0,973.0,626.0,1143.0,327.0,1138.0,546.0,1253.0,402.0,1253.0,536.0,1253.0,402.0,1253.0,526.0,1358.0,427.0,1363.0,521.0,1657.0,442.0,1652.0
399,476.0,862.0,476.0,937.0,479.0,789.0,526.0,1348.0,201.0,872.0,576.0,977.0,376.0,972.0,626.0,1142.0,326.0,1137.0,546.0,1252.0,401.0,1257.0,536.0,1252.0,401.0,1252.0,526.0,1358.0,426.0,1363.0,521.0,1653.0,441.0,1653.0
400,476.0,861.0,476.0,937.0,478.0,789.0,526.0,1347.0,200.0,871.0,576.0,977.0,375.0,972.0,626.0,1142.0,325.0,1137.0,546.0,1252.0,400.0,1257.0,536.0,1252.0,400.0,1252.0,526.0,1357.0,426.0,1367.0,521.0,1658.0,441.0,1658.0
401,480.0,857.0,475.0,937.0,478.0,790.0,525.0,1347.0,201.0,872.0,575.0,977.0,376.0,972.0,625.0,1142.0,326.0,1137.0,545.0,1252.0,401.0,1257.0,535.0,1252.0,401.0,1252.0,525.0,1357.0,431.0,1362.0,520.0,1656.0,441.0,1656.0
402,480.0,864.0,475.0,938.0,478.0,792.0,525.0,1346.0,202.0,874.0,575.0,978.0,376.0,973.0,625.0,1142.0,326.0,1137.0,545.0,1252.0,401.0,1257.0,535.0,1252.0,401.0,1252.0,525.0,1356.0,425.0,1366.0,520.0,1650.0,440.0,1655.0
403,475.0,866.0,475.0,941.0,478.0,788.0,525.0,1347.0,199.0,871.0,575.0,981.0,375.0,971.0,625.0,1141.0,330.0,1136.0,545.0,1251.0,400.0,1256.0,535.0,1251.0,405.0,1251.0,525.0,1357.0,430.0,1362.0,520.0,1657.0,440.0,1657.0
404,475.0,864.0,475.0,939.0,477.0,786.0,525.0,1347.0,198.0,869.0,575.0,979.0,374.0,969.0,621.0,1140.0,329.0,1135.0,545.0,1251.0,404.0,1256.0,535.0,1251.0,404.0,1251.0,525.0,1357.0,429.0,1362.0,520.0,1654.0,440.0,1654.0
405,475.0,864.0,475.0,939.0,477.0,786.0,525.0,1346.0,199.0,869.0,575.0,980.0,374.0,970.0,620.0,1140.0,329.0,1135.0,545.0,1251.0,404.0,1256.0,535.0,1251.0,404.0,1251.0,525.0,1356.0,425.0,1366.0,520.0,1657.0,440.0,1652.0
406,475.0,865.0,475.0,940.0,477.0,787.0,525.0,1346.0,199.0,870.0,575.0,980.0,374.0,970.0,620.0,1141.0,329.0,1136.0,545.0,1251.0,404.0,1256.0,535.0,1251.0,404.0,1251.0,525.0,1356.0,424.0,1366.0,520.0,1657.0,440.0,1652.0
407,475.0,863.0,475.0,938.0,477.0,785.0,525.0,1346.0,198.0,868.0,575.0,979.0,374.0,974.0,616.0,1140.0,329.0,1135.0,545.0,1251.0,404.0,1256.0,535.0,1251.0,404.0,1251.0,525.0,1356.0,424.0,1366.0,520.0,1653.0,439.0,1653.0
408,475.0,864.0,475.0,939.0,477.0,786.0,525.0,1346.0,198.0,869.0,575.0,979.0,374.0,974.0,615.0,1140.0,329.0,1135.0,545.0,1251.0,404.0,1256.0,535.0,1251.0,404.0,1251.0,525.0,1356.0,424.0,1366.0,520.0,1653.0,439.0,1653.0
409,474.0,864.0,474.0,939.0,477.0,786.0,525.0,1347.0,198.0,869.0,575.0,980.0,374.0,975.0,615.0,1140.0,328.0,1135.0,545.0,1251.0,404.0,1256.0,540.0,1251.0,404.0,1251.0,525.0,1357.0,424.0,1367.0,519.0,1653.0,439.0,1653.0
410,474.0,864.0,474.0,939.0,477.0,786.0,524.0,1347.0,197.0,869.0,575.0,980.0,373.0,974.0,615.0,1141.0,328.0,1135.0,545.0,1251.0,404.0,1256.0,540.0,1251.0,404.0,1251.0,524.0,1357.0,424.0,1367.0,519.0,1654.0,444.0,1649.0
411,474.0,864.0,474.0,939.0,477.0,786.0,524.0,1347.0,197.0,869.0,575.0,979.0,373.0,974.0,610.0,1141.0,328.0,1136.0,545.0,1251.0,404.0,1256.0,540.0,1251.0,404.0,1251.0,524.0,1357.0,424.0,1367.0,519.0,1654.0,444.0,1649.0
412,474.0,864.0,474.0,939.0,477.0,786.0,524.0,1347.0,197.0,869.0,575.0,979.0,373.0,974.0,610.0,1140.0,328.0,1135.0,544.0,1251.0,404.0,1256.0,539.0,1251.0,404.0,1256.0,524.0,1357.0,424.0,1367.0,519.0,1654.0,444.0,1649.0
413,474.0,863.0,474.0,933.0,477.0,785.0,524.0,1347.0,197.0,868.0,575.0,979.0,373.0,974.0,610.0,1140.0,328.0,1135.0,545.0,1251.0,403.0,1256.0,540.0,1251.0,403.0,1256.0,524.0,1357.0,424.0,1367.0,519.0,1649.0,444.0,1649.0
414,474.0,864.0,474.0,939.0,477.0,786.0,524.0,1346.0,198.0,869.0,575.0,979.0,373.0,974.0,610.0,1140.0,328.0,1135.0,544.0,1251.0,404.0,1256.0,539.0,1251.0,404.0,1256.0,524.0,1356.0,424.0,1366.0,519.0,1653.0,439.0,1648.0
415,474.0,863.0,474.0,938.0,477.0,785.0,524.0,1346.0,197.0,868.0,575.0,979.0,373.0,974.0,610.0,1140.0,333.0,1135.0,540.0,1251.0,404.0,1256.0,540.0,1251.0,404.0,1251.0,524.0,1356.0,424.0,1367.0,519.0,1649.0,444.0,1649.0
416,474.0,863.0,474.0,939.0,477.0,785.0,524.0,1346.0,197.0,868.0,570.0,979.0,373.0,974.0,610.0,1140.0,328.0,1135.0,539.0,1256.0,404.0,1256.0,539.0,1251.0,404.0,1251.0,524.0,1356.0,424.0,1366.0,519.0,1653.0,439.0,1648.0
417,474.0,863.0,474.0,938.0,476.0,785.0,524.0,1346.0,197.0,868.0,570.0,979.0,373.0,974.0,610.0,1140.0,333.0,1135.0,539.0,1256.0,404.0,1256.0,539.0,1250.0,404.0,1250.0,524.0,1351.0,424.0,1366.0,519.0,1653.0,439.0,1648.0
418,474.0,865.0,474.0,935.0,476.0,787.0,524.0,1346.0,198.0,870.0,574.0,980.0,374.0,975.0,609.0,1140.0,329.0,1135.0,539.0,1256.0,404.0,1256.0,539.0,1251.0,404.0,1251.0,524.0,1351.0,424.0,1366.0,519.0,1651.0,444.0,1646.0
419,474.0,865.0,474.0,935.0,476.0,788.0,524.0,1345.0,199.0,870.0,574.0,980.0,374.0,975.0,609.0,1140.0,329.0,1135.0,539.0,1255.0,404.0,1255.0,539.0,1250.0,404.0,1250.0,524.0,1355.0,424.0,1365.0,524.0,1655.0,439.0,1650.0
420,474.0,865.0,474.0,935.0,476.0,787.0,524.0,1345.0,199.0,870.0,574.0,980.0,374.0,975.0,609.0,1140.0,334.0,1130.0,539.0,1255.0,399.0,1255.0,539.0,1250.0,404.0,1255.0,524.0,1350.0,424.0,1365.0,524.0,1655.0,439.0,1655.0
421,474.0,865.0,474.0,935.0,476.0,788.0,524.0,1345.0,199.0,870.0,574.0,980.0,374.0,975.0,609.0,1140.0,329.0,1135.0,539.0,1255.0,399.0,1255.0,539.0,1255.0,404.0,1255.0,524.0,1355.0,424.0,1370.0,524.0,1654.0,439.0,1659.0
422,474.0,865.0,474.0,935.0,476.0,788.0,524.0,1345.0,199.0,870.0,574.0,980.0,374.0,970.0,608.0,1140.0,329.0,1130.0,539.0,1255.0,399.0,1255.0,539.0,1255.0,404.0,1255.0,524.0,1354.0,424.0,1369.0,524.0,1649.0,444.0,1654.0
423,474.0,865.0,474.0,935.0,476.0,788.0,524.0,1345.0,199.0,870.0,574.0,980.0,374.0,975.0,609.0,1140.0,334.0,1130.0,539.0,1255.0,399.0,1255.0,539.0,1255.0,404.0,1255.0,524.0,1355.0,424.0,1365.0,524.0,1654.0,439.0,1659.0
424,474.0,865.0,474.0,935.0,476.0,787.0,524.0,1345.0,199.0,870.0,574.0,980.0,374.0,975.0,609.0,1140.0,334.0,1135.0,539.0,1255.0,399.0,1255.0,539.0,1255.0,404.0,1255.0,524.0,1355.0,424.0,1370.0,524.0,1660.0,439.0,1655.0
425,474.0,864.0,474.0,939.0,477.0,786.0,524.0,1345.0,199.0,869.0,569.0,979.0,374.0,974.0,604.0,1139.0,334.0,1134.0,539.0,1255.0,399.0,1255.0,539.0,1250.0,404.0,1250.0,524.0,1355.0,424.0,1370.0,524.0,1650.0,439.0,1650.0
426,474.0,864.0,474.0,939.0,477.0,786.0,524.0,1344.0,199.0,869.0,569.0,979.0,374.0,974.0,604.0,1139.0,334.0,1134.0,539.0,1254.0,399.0,1254.0,539.0,1249.0,404.0,1249.0,524.0,1354.0,424.0,1370.0,524.0,1655.0,439.0,1655.0
427,474.0,862.0,474.0,938.0,477.0,784.0,525.0,1345.0,197.0,867.0,570.0,978.0,374.0,973.0,605.0,1139.0,333.0,1134.0,540.0,1255.0,399.0,1255.0,540.0,1250.0,404.0,1250.0,525.0,1355.0,424.0,1365.0,520.0,1652.0,439.0,1647.0
428,474.0,862.0,474.0,938.0,477.0,785.0,525.0,1345.0,198.0,868.0,570.0,978.0,374.0,973.0,605.0,1139.0,334.0,1134.0,540.0,1255.0,399.0,1255.0,540.0,1250.0,404.0,1250.0,525.0,1355.0,424.0,1365.0,520.0,1652.0,439.0,1647.0
429,474.0,863.0,474.0,938.0,477.0,785.0,525.0,1345.0,198.0,868.0,570.0,979.0,374.0,974.0,605.0,1139.0,334.0,1134.0,540.0,1255.0,399.0,1255.0,540.0,1255.0,404.0,1250.0,525.0,1355.0,424.0,1365.0,519.0,1652.0,439.0,1647.0
430,474.0,863.0,474.0,939.0,477.0,785.0,525.0,1345.0,198.0,868.0,570.0,979.0,374.0,974.0,605.0,1139.0,334.0,1134.0,540.0,1260.0,399.0,1255.0,540.0,1255.0,404.0,1250.0,525.0,1355.0,424.0,1365.0,520.0,1652.0,439.0,1647.0
431,474.0,863.0,474.0,939.0,477.0,785.0,525.0,1345.0,198.0,868.0,570.0,979.0,374.0,974.0,605.0,1139.0,334.0,1134.0,540.0,1260.0,404.0,1255.0,540.0,1255.0,404.0,1255.0,525.0,1355.0,424.0,1365.0,520.0,1652.0,439.0,1647.0
432,474.0,864.0,474.0,939.0,477.0,786.0,524.0,1345.0,198.0,869.0,575.0,979.0,374.0,974.0,605.0,1139.0,334.0,1134.0,540.0,1260.0,404.0,1255.0,540.0,1255.0,404.0,1255.0,524.0,1355.0,424.0,1365.0,524.0,1651.0,439.0,1651.0
433,474.0,864.0,474.0,939.0,477.0,787.0,525.0,1345.0,199.0,869.0,575.0,979.0,374.0,974.0,605.0,1139.0,334.0,1134.0,540.0,1260.0,404.0,1255.0,540.0,1255.0,404.0,1255.0,525.0,1355.0,424.0,1370.0,525.0,1650.0,439.0,1650.0
434,475.0,864.0,475.0,939.0,477.0,786.0,525.0,1344.0,199.0,869.0,575.0,979.0,375.0,974.0,605.0,1144.0,334.0,1134.0,540.0,1259.0,405.0,1254.0,540.0,1254.0,405.0,1254.0,525.0,1354.0,425.0,1369.0,525.0,1650.0,440.0,1655.0
435,475.0,864.0,475.0,939.0,477.0,786.0,525.0,1345.0,199.0,869.0,575.0,979.0,375.0,974.0,605.0,1144.0,334.0,1134.0,540.0,1260.0,405.0,1255.0,540.0,1255.0,405.0,1255.0,525.0,1355.0,425.0,1370.0,520.0,1655.0,440.0,1650.0
436,475.0,864.0,475.0,939.0,477.0,787.0,525.0,1345.0,199.0,869.0,575.0,979.0,375.0,974.0,605.0,1145.0,335.0,1135.0,540.0,1260.0,405.0,1255.0,540.0,1260.0,405.0,1255.0,525.0,1355.0,425.0,1370.0,520.0,1651.0,440.0,1651.0
437,475.0,864.0,475.0,939.0,478.0,786.0,525.0,1345.0,199.0,869.0,575.0,979.0,375.0,974.0,605.0,1145.0,335.0,1135.0,540.0,1260.0,405.0,1255.0,540.0,1260.0,405.0,1255.0,525.0,1355.0,425.0,1370.0,520.0,1651.0,440.0,1651.0
438,475.0,864.0,475.0,939.0,478.0,786.0,525.0,1345.0,199.0,869.0,575.0,979.0,375.0,974.0,605.0,1145.0,340.0,1135.0,540.0,1260.0,405.0,1255.0,540.0,1260.0,405.0,1255.0,525.0,1355.0,425.0,1370.0,520.0,1651.0,440.0,1651.0
439,480.0,863.0,475.0,938.0,478.0,785.0,525.0,1346.0,198.0,868.0,576.0,978.0,374.0,973.0,606.0,1144.0,339.0,1134.0,540.0,1260.0,405.0,1260.0,540.0,1255.0,405.0,1255.0,525.0,1356.0,425.0,1366.0,520.0,1652.0,440.0,1652.0
440,475.0,863.0,475.0,939.0,478.0,786.0,525.0,1346.0,199.0,868.0,576.0,979.0,375.0,974.0,606.0,1145.0,339.0,1135.0,535.0,1260.0,405.0,1255.0,540.0,1260.0,405.0,1255.0,520.0,1356.0,425.0,1366.0,520.0,1647.0,440.0,1652.0
441,475.0,863.0,475.0,938.0,478.0,785.0,525.0,1346.0,198.0,868.0,576.0,978.0,374.0,973.0,606.0,1144.0,339.0,1139.0,541.0,1260.0,405.0,1260.0,541.0,1260.0,405.0,1255.0,520.0,1356.0,425.0,1366.0,520.0,1648.0,440.0,1653.0
442,475.0,862.0,475.0,938.0,478.0,784.0,526.0,1346.0,198.0,867.0,576.0,978.0,375.0,973.0,606.0,1144.0,339.0,1134.0,541.0,1260.0,405.0,1260.0,541.0,1260.0,405.0,1255.0,521.0,1356.0,425.0,1371.0,521.0,1648.0,440.0,1653.0
443,475.0,861.0,475.0,937.0,478.0,783.0,521.0,1346.0,198.0,867.0,576.0,983.0,379.0,978.0,606.0,1144.0,339.0,1139.0,541.0,1260.0,405.0,1255.0,541.0,1255.0,405.0,1255.0,521.0,1356.0,425.0,1371.0,521.0,1638.0,440.0,1654.0
444,475.0,862.0,475.0,937.0,478.0,784.0,521.0,1346.0,198.0,867.0,576.0,983.0,380.0,978.0,606.0,1144.0,339.0,1139.0,541.0,1260.0,405.0,1260.0,541.0,1260.0,405.0,1255.0,521.0,1356.0,425.0,1366.0,521.0,1643.0,440.0,1653.0
445,480.0,866.0,475.0,937.0,478.0,783.0,521.0,1346.0,197.0,866.0,576.0,982.0,379.0,977.0,607.0,1144.0,339.0,1139.0,541.0,1260.0,405.0,1255.0,541.0,1255.0,405.0,1255.0,521.0,1357.0,425.0,1367.0,521.0,1645.0,440.0,1655.0
446,475.0,862.0,475.0,938.0,478.0,784.0,521.0,1346.0,198.0,867.0,576.0,983.0,380.0,973.0,606.0,1145.0,339.0,1135.0,541.0,1261.0,405.0,1256.0,541.0,1261.0,405.0,1256.0,521.0,1357.0,425.0,1367.0,521.0,1639.0,440.0,1654.0
447,475.0,863.0,475.0,939.0,478.0,785.0,526.0,1346.0,198.0,868.0,576.0,979.0,380.0,974.0,606.0,1145.0,339.0,1135.0,541.0,1261.0,405.0,1256.0,541.0,1261.0,405.0,1256.0,521.0,1356.0,425.0,1366.0,521.0,1648.0,440.0,1653.0
