486.0,797.0,492.0,1174.0,486.0,36.0,142129.0,142165.0,6.0,377.0,377.04774233510534,0.01591310416776726,1.5548825509462891,90.91179219224243
485.0,799.0,491.0,1180.0,485.0,36.0,145161.0,145197.0,6.0,381.0,381.0472411657116,0.015746079099390964,1.5550495969450278,90.90222116153015
479.0,800.0,491.0,1180.0,479.0,144.0,144400.0,144544.0,12.0,380.0,380.18942647054246,0.03156321339970188,1.5392278703071185,91.80873932249206
478.0,800.0,491.0,1179.0,478.0,169.0,143641.0,143810.0,13.0,379.0,379.22288960451743,0.03428063114427874,1.5365089778835364,91.96452038331341
478.0,800.0,491.0,1179.0,478.0,169.0,143641.0,143810.0,13.0,379.0,379.22288960451743,0.03428063114427874,1.5365089778835364,91.96452038331341
478.0,799.0,491.0,1179.0,478.0,169.0,144400.0,144569.0,13.0,380.0,380.2223033963158,0.03419052455334204,1.5365991373268002,91.95935462773114
478.0,798.0,491.0,1174.0,478.0,169.0,141376.0,141545.0,13.0,376.0,376.22466692124266,0.034553821540684274,1.536235625539164,91.98018231896596
478.0,798.0,491.0,1173.0,478.0,169.0,140625.0,140794.0,13.0,375.0,375.22526567383494,0.034645854608576034,1.53614353733309,91.98545858451693
479.0,798.0,491.0,1173.0,479.0,144.0,140625.0,140769.0,12.0,375.0,375.1919508731497,0.031983628572184196,1.5388072427555815,91.83283950594206
478.0,800.0,491.0,1179.0,478.0,169.0,143641.0,143810.0,13.0,379.0,379.22288960451743,0.03428063114427874,1.5365089778835364,91.96452038331341
478.0,799.0,491.0,1173.0,478.0,169.0,139876.0,140045.0,13.0,374.0,374.22586762542215,0.034738378943414534,1.5360509572694032,91.99076303143323
478.0,799.0,491.0,1173.0,478.0,169.0,139876.0,140045.0,13.0,374.0,374.22586762542215,0.034738378943414534,1.5360509572694032,91.99076303143323
478.0,799.0,491.0,1173.0,478.0,169.0,139876.0,140045.0,13.0,374.0,374.22586762542215,0.034738378943414534,1.5360509572694032,91.99076303143323
478.0,799.0,491.0,1173.0,478.0,169.0,139876.0,140045.0,13.0,374.0,374.22586762542215,0.034738378943414534,1.5360509572694032,91.99076303143323
478.0,801.0,491.0,1173.0,478.0,169.0,138384.0,138553.0,13.0,372.0,372.22708122865,0.034924917222813295,1.535864305728465,92.0014573769686
478.0,800.0,491.0,1173.0,478.0,169.0,139129.0,139298.0,13.0,373.0,373.2264728017025,0.03483139848685647,1.5359578813985175,91.99609588600948
478.0,800.0,491.0,1179.0,478.0,169.0,143641.0,143810.0,13.0,379.0,379.22288960451743,0.03428063114427874,1.5365089778835364,91.96452038331341
478.0,799.0,491.0,1174.0,478.0,169.0,140625.0,140794.0,13.0,375.0,375.22526567383494,0.034645854608576034,1.53614353733309,91.98545858451693
478.0,798.0,491.0,1174.0,478.0,169.0,141376.0,141545.0,13.0,376.0,376.22466692124266,0.034553821540684274,1.536235625539164,91.98018231896596
478.0,797.0,491.0,1180.0,478.0,169.0,146689.0,146858.0,13.0,383.0,383.22056312259656,0.03392302306032872,1.53686679408835,91.94401902493621
478.0,798.0,491.0,1179.0,478.0,169.0,145161.0,145330.0,13.0,381.0,381.22172026263144,0.03410089013565133,1.536688824043957,91.9542159573597
478.0,797.0,491.0,1179.0,478.0,169.0,145924.0,146093.0,13.0,382.0,382.22114017934695,0.034011724191655386,1.5367780417417662,91.94910415981734
478.0,797.0,491.0,1179.0,478.0,169.0,145924.0,146093.0,13.0,382.0,382.22114017934695,0.034011724191655386,1.5367780417417662,91.94910415981734
478.0,795.0,491.0,1173.0,478.0,169.0,142884.0,143053.0,13.0,378.0,378.22347891160854,0.03437121364704628,1.536418341968257,91.96971343873122
478.0,795.0,491.0,1173.0,478.0,169.0,142884.0,143053.0,13.0,378.0,378.22347891160854,0.03437121364704628,1.536418341968257,91.96971343873122
478.0,795.0,491.0,1173.0,478.0,169.0,142884.0,143053.0,13.0,378.0,378.22347891160854,0.03437121364704628,1.536418341968257,91.96971343873122
479.0,795.0,491.0,1173.0,479.0,144.0,142884.0,143028.0,12.0,378.0,378.1904282236662,0.031730046834773575,1.5390609532664388,91.81830296445183
479.0,796.0,491.0,1179.0,479.0,144.0,146689.0,146833.0,12.0,383.0,383.18794344290114,0.031316225380635235,1.539474980485774,91.79458095218038
479.0,797.0,498.0,1173.0,479.0,361.0,141376.0,141737.0,19.0,376.0,376.4797471312368,0.050467522210103914,1.5203073567760106,92.89280489404472
479.0,799.0,498.0,1173.0,479.0,361.0,139876.0,140237.0,19.0,374.0,374.4823093284915,0.05073670912270897,1.520037824562798,92.90824795230462
479.0,800.0,498.0,1180.0,479.0,361.0,144400.0,144761.0,19.0,380.0,380.4747034955149,0.04993761694389223,1.5208379310729538,92.86240522611175
479.0,801.0,498.0,1174.0,479.0,361.0,139129.0,139490.0,19.0,373.0,373.48360071092816,0.05087238091266495,1.5199019773417093,92.91603142473159
479.0,797.0,498.0,1174.0,479.0,361.0,142129.0,142490.0,19.0,377.0,377.4784762075846,0.05033399570456949,1.5204410531998902,92.88514465322042
479.0,799.0,498.0,1175.0,479.0,361.0,141376.0,141737.0,19.0,376.0,376.4797471312368,0.050467522210103914,1.5203073567760106,92.89280489404472
479.0,797.0,498.0,1175.0,479.0,361.0,142884.0,143245.0,19.0,378.0,378.4772119956497,0.050201173010697375,1.5205740440227393,92.8775248403572
479.0,797.0,498.0,1175.0,479.0,361.0,142884.0,143245.0,19.0,378.0,378.4772119956497,0.050201173010697375,1.5205740440227393,92.8775248403572
479.0,798.0,498.0,1175.0,479.0,361.0,142129.0,142490.0,19.0,377.0,377.4784762075846,0.05033399570456949,1.5204410531998902,92.88514465322042
472.0,798.0,498.0,1175.0,472.0,676.0,142129.0,142805.0,26.0,377.0,377.89548819746443,0.06880209161537815,1.501939837493852,93.94518622903756
473.0,798.0,498.0,1176.0,473.0,625.0,142884.0,143509.0,25.0,378.0,378.82581749400345,0.06599339022186822,1.504754940845676,93.78389268808492
473.0,799.0,498.0,1170.0,473.0,625.0,137641.0,138266.0,25.0,371.0,371.8413640250369,0.06723297195714002,1.5035125996349419,93.85507359617515
473.0,798.0,504.0,1170.0,473.0,961.0,138384.0,139345.0,31.0,372.0,373.2894319425612,0.08304547985373996,1.4876550949064553,94.76364169072617
473.0,799.0,504.0,1171.0,473.0,961.0,138384.0,139345.0,31.0,372.0,373.2894319425612,0.08304547985373996,1.4876550949064553,94.76364169072617
473.0,800.0,504.0,1170.0,473.0,961.0,136900.0,137861.0,31.0,370.0,371.29637757457317,0.08349125354387223,1.487207767716431,94.78927165077602
473.0,799.0,504.0,1170.0,473.0,961.0,137641.0,138602.0,31.0,371.0,372.29289544658246,0.08326777217387958,1.4874320299982657,94.77642236852292
473.0,799.0,511.0,1170.0,473.0,1444.0,137641.0,139085.0,38.0,371.0,372.94101410276664,0.10189278884067393,1.4687263982360683,95.84817612162269
473.0,800.0,510.0,1170.0,473.0,1369.0,136900.0,138269.0,37.0,370.0,371.84539798147296,0.0995037190209989,1.4711276743037347,95.71059313749963
473.0,801.0,510.0,1169.0,473.0,1369.0,135424.0,136793.0,37.0,368.0,369.8553771408495,0.10003910254334233,1.4705896060209829,95.74142217919116
467.0,798.0,517.0,1170.0,467.0,2500.0,138384.0,140884.0,50.0,372.0,375.3451744727778,0.13321071749552035,1.4371884568629583,97.65516705683292
467.0,804.0,517.0,1170.0,467.0,2500.0,133956.0,136456.0,50.0,366.0,369.39951272301374,0.13535480767537292,1.4350247698490983,97.77913719091435
468.0,805.0,523.0,1171.0,468.0,3025.0,133956.0,136981.0,55.0,366.0,370.10944327320266,0.14860469247578964,1.4216391781229543,98.54607510310764
468.0,800.0,524.0,1172.0,468.0,3136.0,138384.0,141520.0,56.0,372.0,376.19144062564743,0.14886037786204248,1.4213806168784289,98.5608895711646
468.0,807.0,531.0,1167.0,468.0,3969.0,129600.0,133569.0,63.0,360.0,365.47092907644515,0.17238033175224823,1.3975506603425316,99.92624550665171
462.0,807.0,537.0,1173.0,462.0,5625.0,133956.0,139581.0,75.0,366.0,373.60540681312415,0.20074655942416456,1.3686763926454029,101.5806191822281
462.0,806.0,537.0,1175.0,462.0,5625.0,136161.0,141786.0,75.0,369.0,376.5448180495915,0.19917947719605156,1.3702757771174823,101.4889812021592
463.0,810.0,538.0,1170.0,463.0,5625.0,129600.0,135225.0,75.0,360.0,367.7295201639379,0.20395425411200105,1.3654009376051293,101.76828893202064
464.0,807.0,546.0,1170.0,464.0,6724.0,131769.0,138493.0,82.0,363.0,372.1464765384727,0.22034334642295825,1.3486298725940231,102.72920017509655
459.0,808.0,548.0,1170.0,459.0,7921.0,131044.0,138965.0,89.0,362.0,372.7800960351826,0.23874665237384418,1.3297213523618505,103.81257858123776
460.0,810.0,549.0,1176.0,460.0,7921.0,133956.0,141877.0,89.0,366.0,376.6656342168741,0.2362838334987475,1.332256724707694,103.66731244632675
461.0,811.0,555.0,1176.0,461.0,8836.0,133225.0,142061.0,94.0,365.0,376.90980353394895,0.24939653762954786,1.3187392748094564,104.44180527527531
461.0,814.0,555.0,1177.0,461.0,8836.0,131769.0,140605.0,94.0,363.0,374.97333238511777,0.2506844937534303,1.3174090649537704,104.51802068587283
455.0,816.0,560.0,1178.0,455.0,11025.0,131044.0,142069.0,105.0,362.0,376.9204160031664,0.27857339518355495,1.2884879429074743,106.17507891790835
456.0,820.0,560.0,1180.0,456.0,10816.0,129600.0,140416.0,104.0,360.0,374.7212297161718,0.2775396528207745,1.2895641248766014,106.11341823308929
455.0,821.0,559.0,1181.0,455.0,10816.0,129600.0,140416.0,104.0,360.0,374.7212297161718,0.2775396528207745,1.2895641248766014,106.11341823308929
457.0,822.0,566.0,1181.0,457.0,11881.0,128881.0,140762.0,109.0,359.0,375.1826221988433,0.2905251830726611,1.2760206780231331,106.88940057785275
456.0,826.0,572.0,1178.0,456.0,13456.0,123904.0,137360.0,116.0,352.0,370.62110031675206,0.3129881161673212,1.2524587284297926,108.23940084665115
451.0,826.0,572.0,1185.0,451.0,14641.0,128881.0,143522.0,121.0,359.0,378.8429753869009,0.3193935426054194,1.2457068866421792,108.62625288502146
451.0,831.0,572.0,1180.0,451.0,14641.0,121801.0,136442.0,121.0,349.0,369.3805625638685,0.32757543916263393,1.2370600450085616,109.12168041674576
452.0,832.0,577.0,1183.0,452.0,15625.0,123201.0,138826.0,125.0,351.0,372.5936123982804,0.3354861592913795,1.2286750761452563,109.60210374396176
453.0,834.0,577.0,1184.0,453.0,15376.0,122500.0,137876.0,124.0,350.0,371.3165765219754,0.33394684708524286,1.2303086128201919,109.50850898680812
449.0,838.0,581.0,1185.0,449.0,17424.0,120409.0,137833.0,132.0,347.0,371.25866993243403,0.3555472523349364,1.2072968140936562,110.82698793284314
449.0,841.0,580.0,1192.0,449.0,17161.0,123201.0,140362.0,131.0,351.0,374.64916922368855,0.3496604577328849,1.2135876671252421,110.46654860459618
449.0,841.0,585.0,1192.0,449.0,18496.0,123201.0,141697.0,136.0,351.0,376.42661967507024,0.36129219585319067,1.2011430015864073,111.17957541742332
449.0,843.0,587.0,1195.0,449.0,19044.0,123904.0,142948.0,138.0,352.0,378.08464660707926,0.36499763012967607,1.1971660692083401,111.4074368580955
450.0,845.0,587.0,1196.0,450.0,18769.0,123201.0,141970.0,137.0,351.0,376.7890656587582,0.3635986616556306,1.1986682652171965,111.32136736678663
444.0,848.0,593.0,1198.0,444.0,22201.0,122500.0,144701.0,149.0,350.0,380.39584645471615,0.3916972316829373,1.1683208285239484,113.06014740835019
444.0,853.0,593.0,1198.0,444.0,22201.0,119025.0,141226.0,149.0,345.0,375.80047897787466,0.3964869880029408,1.1631092997116537,113.3587460141055
444.0,855.0,599.0,1199.0,444.0,24025.0,118336.0,142361.0,155.0,344.0,377.30756684699554,0.4108054373127774,1.1474590170138044,114.25544116087889
442.0,855.0,597.0,1199.0,442.0,24025.0,118336.0,142361.0,155.0,344.0,377.30756684699554,0.4108054373127774,1.1474590170138044,114.25544116087889
442.0,859.0,602.0,1201.0,442.0,25600.0,116964.0,142564.0,160.0,342.0,377.5764823184834,0.42375520587916543,1.1332091672762672,115.07189740953537
443.0,864.0,601.0,1198.0,443.0,24964.0,111556.0,136520.0,158.0,334.0,369.4861296449435,0.4276209235562634,1.1289370368313414,115.31667245355897
443.0,864.0,601.0,1203.0,443.0,24964.0,114921.0,139885.0,158.0,339.0,374.0120318920235,0.4224463025981321,1.134653741325595,114.98912941331476
445.0,867.0,602.0,1204.0,445.0,24649.0,113569.0,138218.0,157.0,337.0,371.7768147692914,0.42229637180959606,1.1348191506402268,114.97965215769422
441.0,868.0,605.0,1201.0,441.0,26896.0,110889.0,137785.0,164.0,333.0,371.1940193483726,0.44181746324442506,1.113172741310261,116.21990005391386
443.0,871.0,605.0,1203.0,443.0,26244.0,110224.0,136468.0,162.0,332.0,369.4157549428557,0.43853029501965746,1.1168336449986056,116.01014572336783
444.0,872.0,606.0,1208.0,444.0,26244.0,112896.0,139140.0,162.0,336.0,373.01474501686926,0.43429918566000303,1.121536214183016,115.74070835623284
440.0,878.0,613.0,1206.0,440.0,29929.0,107584.0,137513.0,173.0,328.0,370.8274531369003,0.4665242514721063,1.0854392218979827,117.80891366728154
441.0,885.0,613.0,1206.0,441.0,29584.0,103041.0,132625.0,172.0,321.0,364.17715469260287,0.47229761060982234,1.0789007054398851,118.18354306460736
441.0,889.0,613.0,1211.0,441.0,29584.0,103684.0,133268.0,172.0,322.0,365.0588993573503,0.47115684702602456,1.0801944630861096,118.10941621176593
435.0,887.0,618.0,1213.0,435.0,33489.0,106276.0,139765.0,183.0,326.0,373.8515748261601,0.4894990748269403,1.0592811195034453,119.3076625345596
435.0,895.0,617.0,1214.0,435.0,33124.0,101761.0,134885.0,182.0,319.0,367.26693289758606,0.495552372668278,1.052325659929612,119.7061810127141
435.0,898.0,617.0,1216.0,435.0,33124.0,101124.0,134248.0,182.0,318.0,366.3986899539899,0.4967266668525874,1.0509731645814122,119.78367328797702
433.0,900.0,624.0,1213.0,433.0,36481.0,97969.0,134450.0,191.0,313.0,366.67424234598207,0.5208983286581077,1.0228933366654527,121.39252891701514
437.0,907.0,622.0,1214.0,437.0,34225.0,94249.0,128474.0,185.0,307.0,358.43269940115675,0.5161359449321575,1.028462953263012,121.07341339246898
431.0,906.0,632.0,1216.0,431.0,40401.0,96100.0,136501.0,201.0,310.0,369.4604173656496,0.5440366289660558,0.9955557931103605,122.95885478497698
431.0,914.0,632.0,1218.0,431.0,40401.0,92416.0,132817.0,201.0,304.0,364.4406673246003,0.5515301063285925,0.9865988799200444,123.47204810824715
431.0,915.0,632.0,1219.0,431.0,40401.0,92416.0,132817.0,201.0,304.0,364.4406673246003,0.5515301063285925,0.9865988799200444,123.47204810824715
431.0,920.0,635.0,1222.0,431.0,41616.0,91204.0,132820.0,204.0,302.0,364.44478319767455,0.5597555772649119,0.9767055184098451,124.03889596797875
430.0,924.0,635.0,1225.0,430.0,42025.0,90601.0,132626.0,205.0,301.0,364.1785276481852,0.5629107276693708,0.9728930566593404,124.25733393583772
429.0,930.0,639.0,1220.0,429.0,44100.0,84100.0,128200.0,210.0,290.0,358.05027579936313,0.5865098121518428,0.9440534255838497,125.90972307917767
424.0,932.0,645.0,1227.0,424.0,48841.0,87025.0,135866.0,221.0,295.0,368.6000542593558,0.5995658368636569,0.92783781154576,126.83880932577331
423.0,938.0,644.0,1222.0,423.0,48841.0,80656.0,129497.0,221.0,284.0,359.85691600968295,0.6141329794368976,0.9095094338447217,127.88894801336448
422.0,941.0,648.0,1229.0,422.0,51076.0,82944.0,134020.0,226.0,288.0,366.0874212534487,0.6173388837731637,0.9054407745182499,128.12206502104786
422.0,947.0,648.0,1230.0,422.0,51076.0,80089.0,131165.0,226.0,283.0,362.1670885102621,0.6240213624314354,0.8969178250647166,128.61039405373864
422.0,953.0,648.0,1231.0,422.0,51076.0,77284.0,128360.0,226.0,278.0,358.27363843855437,0.6308027601052765,0.8882089893651638,129.1093735837959
421.0,956.0,652.0,1232.0,421.0,53361.0,76176.0,129537.0,231.0,276.0,359.9124893637341,0.6418226841985114,0.8739235821214641,129.9278671274855
422.0,963.0,653.0,1232.0,422.0,53361.0,72361.0,125722.0,231.0,269.0,354.572982614299,0.6514878778885403,0.8612523430863743,130.65387564539756
418.0,963.0,657.0,1235.0,418.0,57121.0,73984.0,131105.0,239.0,272.0,362.0842443410097,0.6600673841386775,0.8498878682280866,131.30501209116
418.0,969.0,659.0,1237.0,418.0,58081.0,71824.0,129905.0,241.0,268.0,360.4233621728758,0.6686580984847625,0.8383936811615321,131.9635804990074
419.0,973.0,663.0,1239.0,419.0,59536.0,70756.0,130292.0,244.0,266.0,360.95983156024437,0.6759754927447551,0.8285086912051183,132.52994870403913
421.0,977.0,663.0,1241.0,421.0,58564.0,69696.0,128260.0,242.0,264.0,358.13405311419353,0.6757246285173463,0.8288490587889792,132.51044707800082
415.0,985.0,661.0,1247.0,415.0,60516.0,68644.0,129160.0,246.0,262.0,359.3883693165376,0.6844962747899368,0.8168838178650464,133.1960048837994
415.0,990.0,663.0,1250.0,415.0,61504.0,67600.0,129104.0,248.0,260.0,359.310450724718,0.6902109290163748,0.8090158184023989,133.64680804622031
415.0,996.0,666.0,1247.0,415.0,63001.0,63001.0,126002.0,251.0,251.0,354.9676041556469,0.7071067811865475,0.7853981633974484,135.0
416.0,1003.0,669.0,1250.0,416.0,64009.0,61009.0,125018.0,253.0,247.0,353.5788455210521,0.715540545496058,0.773398739347687,135.68751635463911
412.0,1005.0,668.0,1256.0,412.0,65536.0,63001.0,128537.0,256.0,251.0,358.52057123685387,0.7140454984684144,0.7755365501563118,135.56502881790743
414.0,1010.0,668.0,1259.0,414.0,64516.0,62001.0,126517.0,254.0,249.0,355.69228273888655,0.7141003961181278,0.7754581329297762,135.56952179402907
416.0,1019.0,668.0,1261.0,416.0,63504.0,58564.0,122068.0,252.0,242.0,349.38231208806206,0.7212729187517748,0.7651580127556583,136.15967520848358
416.0,1024.0,671.0,1264.0,416.0,65025.0,57600.0,122625.0,255.0,240.0,350.1785258978626,0.7281999926928029,0.7551044034786732,136.7357045889284
416.0,1029.0,671.0,1265.0,416.0,65025.0,55696.0,120721.0,255.0,236.0,347.4492768736179,0.7339200768944307,0.7467209234001211,137.21604261506144
412.0,1032.0,676.0,1267.0,412.0,69696.0,55225.0,124921.0,264.0,235.0,353.4416500640523,0.7469408315408123,0.727347227783026,138.32607360749208
412.0,1039.0,678.0,1270.0,412.0,70756.0,53361.0,124117.0,266.0,231.0,352.30242690052535,0.7550331183926435,0.7150916992788239,139.02826366648515
412.0,1044.0,685.0,1268.0,412.0,74529.0,50176.0,124705.0,273.0,224.0,353.1359511576243,0.7730733704825904,0.6871242101414391,140.63068275763527
413.0,1052.0,684.0,1270.0,413.0,73441.0,47524.0,120965.0,271.0,218.0,347.80023001717524,0.7791829234460752,0.6774351431586921,141.18582540316623
413.0,1056.0,684.0,1274.0,413.0,73441.0,47524.0,120965.0,271.0,218.0,347.80023001717524,0.7791829234460752,0.6774351431586921,141.18582540316623
416.0,1063.0,686.0,1275.0,416.0,72900.0,44944.0,117844.0,270.0,212.0,343.28413887041154,0.7865204634517762,0.6656420122598993,141.86152203091237
417.0,1066.0,686.0,1277.0,417.0,72361.0,44521.0,116882.0,269.0,211.0,341.88009594008247,0.7868255660228453,0.6651478148597337,141.8898374561882
417.0,1072.0,685.0,1282.0,417.0,71824.0,44100.0,115924.0,268.0,210.0,340.47613719613304,0.7871329903088544,0.6646495416754246,141.91838640669366
415.0,1078.0,684.0,1285.0,415.0,72361.0,42849.0,115210.0,269.0,207.0,339.42598604113977,0.7925144539976268,0.655875256201882,142.4211159325706
418.0,1082.0,684.0,1285.0,418.0,70756.0,41209.0,111965.0,266.0,203.0,334.61171527607934,0.7949512460450776,0.6518691143055768,142.65065095535942
415.0,1085.0,686.0,1284.0,415.0,73441.0,39601.0,113042.0,271.0,199.0,336.21719170797917,0.8060266003154787,0.6333884255769459,143.70951642200495
417.0,1091.0,691.0,1288.0,417.0,75076.0,38809.0,113885.0,274.0,197.0,337.4685170501094,0.811927590742679,0.6233497171800935,144.28469204490713
414.0,1095.0,693.0,1292.0,414.0,77841.0,38809.0,116650.0,279.0,197.0,341.5406271587613,0.8168867121928367,0.6148036582670932,144.77434515209222
420.0,1099.0,693.0,1294.0,420.0,74529.0,38025.0,112554.0,273.0,195.0,335.49068541466244,0.813733471206735,0.6202494859828214,144.46232220802563
417.0,1106.0,695.0,1296.0,417.0,77284.0,36100.0,113384.0,278.0,190.0,336.72540741678523,0.825598525910766,0.5995342175755155,145.64921965924495
419.0,1109.0,699.0,1298.0,419.0,78400.0,35721.0,114121.0,280.0,189.0,337.8179983363823,0.8288486740756482,0.5937496667107711,145.98065001017355
421.0,1110.0,701.0,1298.0,421.0,78400.0,35344.0,113744.0,280.0,188.0,337.2595439717014,0.8302211308910923,0.5912920653671213,146.12146019489035
421.0,1118.0,699.0,1300.0,421.0,77284.0,33124.0,110408.0,278.0,182.0,332.27699288394916,0.8366513660399415,0.5796555519994129,146.78818329910763
426.0,1120.0,700.0,1303.0,426.0,75076.0,33489.0,108565.0,274.0,183.0,329.49203328760467,0.8315830803740035,0.5888443541905124,146.26170371477704
426.0,1122.0,705.0,1305.0,426.0,77841.0,33489.0,111330.0,279.0,183.0,333.66150512158276,0.8361767711211856,0.5805214463603398,146.73857120672233
430.0,1124.0,708.0,1312.0,430.0,77284.0,35344.0,112628.0,278.0,188.0,335.60095351473603,0.8283647501251608,0.594614077461144,145.93112292241145
431.0,1128.0,706.0,1317.0,431.0,75625.0,35721.0,111346.0,275.0,189.0,333.68548065506235,0.8241293551644617,0.6021330013298924,145.50032031825197
429.0,1131.0,708.0,1319.0,429.0,77841.0,35344.0,113185.0,279.0,188.0,336.42978465052704,0.8292963724654066,0.5929489770567996,146.0265261480459
433.0,1136.0,714.0,1320.0,433.0,78961.0,33856.0,112817.0,281.0,184.0,335.882419903156,0.8366022850526679,0.5797451529166864,146.78304954470735
433.0,1138.0,716.0,1321.0,433.0,80089.0,33489.0,113578.0,283.0,183.0,337.013352851189,0.839729338929075,0.5740117469474546,147.11154950897944
434.0,1141.0,716.0,1322.0,434.0,79524.0,32761.0,112285.0,282.0,181.0,335.08954027244715,0.8415661072879735,0.5706202484701507,147.305868057954
435.0,1146.0,716.0,1327.0,435.0,78961.0,32761.0,111722.0,281.0,181.0,334.24841061701403,0.8406921052557323,0.5722362752054787,147.2132765464394
435.0,1146.0,721.0,1328.0,435.0,81796.0,33124.0,114920.0,286.0,182.0,338.9985250705377,0.8436614877321075,0.5667292175235064,147.52880770915152
439.0,1150.0,719.0,1330.0,439.0,78400.0,32400.0,110800.0,280.0,180.0,332.86633954186476,0.8411784753765535,0.5713374798336268,147.2647737278924
440.0,1154.0,724.0,1334.0,440.0,80656.0,32400.0,113056.0,284.0,180.0,336.23801093868013,0.8446397812286405,0.5649044020307764,147.63336193527502
441.0,1155.0,725.0,1336.0,441.0,80656.0,32761.0,113417.0,284.0,181.0,336.7744052032458,0.8432944891658377,0.5674124330856143,147.48966234094507
441.0,1158.0,727.0,1342.0,441.0,81796.0,33856.0,115652.0,286.0,184.0,340.0764619905353,0.8409873424522974,0.5716908367093791,147.24452787024987
447.0,1158.0,728.0,1342.0,447.0,78961.0,33856.0,112817.0,281.0,184.0,335.882419903156,0.8366022850526679,0.5797451529166864,146.78304954470735
447.0,1162.0,728.0,1346.0,447.0,78961.0,33856.0,112817.0,281.0,184.0,335.882419903156,0.8366022850526679,0.5797451529166864,146.78304954470735
450.0,1160.0,729.0,1353.0,450.0,77841.0,37249.0,115090.0,279.0,193.0,339.24917096435183,0.8224043678777839,0.6051718075446944,145.3262095473857
451.0,1162.0,728.0,1358.0,451.0,76729.0,38416.0,115145.0,277.0,196.0,339.3302226445502,0.8163139664991134,0.6157959354339808,144.71749185832235
454.0,1163.0,732.0,1359.0,454.0,77284.0,38416.0,115700.0,278.0,196.0,340.14702703389895,0.8172936345326182,0.6140978205892792,144.81478667205226
460.0,1167.0,733.0,1363.0,460.0,74529.0,38416.0,112945.0,273.0,196.0,336.0729087564185,0.8123237335915912,0.6226707887570672,144.32359177813802
462.0,1167.0,730.0,1372.0,462.0,71824.0,42025.0,113849.0,268.0,205.0,337.4151745253909,0.7942737026482863,0.6529851160742695,142.5867087640842
465.0,1171.0,734.0,1376.0,465.0,72361.0,42025.0,114386.0,269.0,205.0,338.2099939386771,0.7953638414622781,0.6511887160682696,142.68963490274527
471.0,1171.0,734.0,1380.0,471.0,69169.0,43681.0,112850.0,263.0,209.0,335.9315406448165,0.7828976091234979,0.6714866533862403,141.52664876160443
473.0,1170.0,738.0,1380.0,473.0,70225.0,44100.0,114325.0,265.0,210.0,338.11980125393427,0.7837458765125088,0.6701220374264963,141.60483549675396
475.0,1172.0,741.0,1388.0,475.0,70756.0,46656.0,117412.0,266.0,216.0,342.65434478494507,0.7762925059857202,0.682033429174499,140.92236302146645
481.0,1173.0,741.0,1391.0,481.0,67600.0,47524.0,115124.0,260.0,218.0,339.29927792437167,0.7662851556611708,0.6977571349504,140.02146104220185
487.0,1167.0,747.0,1394.0,487.0,67600.0,51529.0,119129.0,260.0,227.0,345.15069172754096,0.7532941588459623,0.7177397847360313,138.8765395459972
491.0,1173.0,748.0,1397.0,491.0,66049.0,50176.0,116225.0,257.0,224.0,340.91787867461574,0.7538472344106365,0.7168984346948962,138.9247453524474
497.0,1171.0,750.0,1405.0,497.0,64009.0,54756.0,118765.0,253.0,234.0,344.62298240250897,0.7341356001164885,0.7464035664928123,137.23422582644955
506.0,1166.0,754.0,1405.0,506.0,61504.0,57121.0,118625.0,248.0,239.0,344.41980198589044,0.7200515143730314,0.7669197740256614,136.05873372320278
508.0,1164.0,757.0,1409.0,508.0,62001.0,60025.0,122026.0,249.0,245.0,349.32220084042757,0.7128089752123847,0.7773011743597102,135.46392329862607
513.0,1164.0,758.0,1413.0,513.0,60025.0,62001.0,122026.0,245.0,249.0,349.32220084042757,0.7013582286226275,0.7934951524351864,134.5360767013739
521.0,1161.0,758.0,1412.0,521.0,56169.0,63001.0,119170.0,237.0,251.0,345.21008096520006,0.6865384676407856,0.8140788213526745,133.35671934550723
530.0,1164.0,758.0,1416.0,530.0,51984.0,63504.0,115488.0,228.0,252.0,339.8352542041511,0.6709133239691263,0.835356559119391,132.13759477388825
533.0,1157.0,763.0,1421.0,533.0,52900.0,69696.0,122596.0,230.0,264.0,350.13711599886125,0.6568855156753735,0.854115705916005,131.0627748351759
540.0,1159.0,767.0,1425.0,540.0,51529.0,70756.0,122285.0,227.0,266.0,349.6927222576987,0.6491413333810165,0.8643412671362962,130.47689333410057
547.0,1155.0,771.0,1432.0,547.0,50176.0,76729.0,126905.0,224.0,277.0,356.23728047468586,0.6287943802555427,0.8907945826004336,128.96123000387735
551.0,1154.0,770.0,1431.0,551.0,47961.0,76729.0,124690.0,219.0,277.0,353.1147122395214,0.6201950595914283,0.9018049895021435,128.33038015768767
559.0,1152.0,776.0,1432.0,559.0,47089.0,78400.0,125489.0,217.0,280.0,354.24426600863984,0.612571665435814,0.9114862584620387,127.77568430595466
565.0,1147.0,777.0,1438.0,565.0,44944.0,84681.0,129625.0,212.0,291.0,360.0347205478938,0.5888320984081272,0.9411832139325793,126.07417409310474
575.0,1145.0,774.0,1434.0,575.0,39601.0,83521.0,123122.0,199.0,289.0,350.88744634141585,0.56713342718557,0.9677750897011272,124.55057184223074
582.0,1144.0,777.0,1432.0,582.0,38025.0,82944.0,120969.0,195.0,288.0,347.80598039711737,0.5606574095630937,0.9756168129799078,124.10127419424714
589.0,1139.0,779.0,1440.0,589.0,36100.0,90601.0,126701.0,190.0,301.0,355.95083930228344,0.5337815760525477,1.007730096551625,122.26131857928094
599.0,1139.0,776.0,1437.0,599.0,31329.0,88804.0,120133.0,177.0,298.0,346.60207731633693,0.5106720691649391,1.0348300380565454,120.70860630599759
610.0,1134.0,780.0,1443.0,610.0,28900.0,95481.0,124381.0,170.0,309.0,352.6769059635178,0.4820275927496807,1.0678288922651902,118.81791123107473
617.0,1134.0,778.0,1440.0,617.0,25921.0,93636.0,119557.0,161.0,306.0,345.77015487170087,0.4656272316497055,1.0864530960329208,117.75082295839212
623.0,1131.0,785.0,1445.0,623.0,26244.0,98596.0,124840.0,162.0,314.0,353.3270439691816,0.4584987273550739,1.0944911659600385,117.29027547613724
633.0,1127.0,781.0,1444.0,633.0,21904.0,100489.0,122393.0,148.0,317.0,349.84710946354835,0.42304194031198816,1.1339964852355324,115.02678741333462
639.0,1128.0,782.0,1444.0,639.0,20449.0,99856.0,120305.0,143.0,316.0,346.8501117197456,0.4122818334726206,1.145839077879584,114.3482568363378
649.0,1122.0,783.0,1447.0,649.0,17956.0,105625.0,123581.0,134.0,325.0,351.54089378051026,0.3811789819356404,1.1797251024095203,112.40673064629566
655.0,1124.0,784.0,1451.0,655.0,16641.0,106929.0,123570.0,129.0,327.0,351.5252480263687,0.3669722181387194,1.1950442720222862,111.52900688183911
664.0,1120.0,784.0,1452.0,664.0,14400.0,110224.0,124624.0,120.0,332.0,353.0212458195682,0.33992288402192344,1.223961429213889,109.8721758192439
666.0,1119.0,778.0,1455.0,666.0,12544.0,112896.0,125440.0,112.0,336.0,354.17509793885847,0.31622776601683794,1.2490457723982544,108.43494882292201
673.0,1116.0,780.0,1454.0,673.0,11449.0,114244.0,125693.0,107.0,338.0,354.53208599504785,0.30180625175204756,1.264209641238714,107.56612313727373
683.0,1115.0,780.0,1452.0,683.0,9409.0,113569.0,122978.0,97.0,337.0,350.6821923052267,0.2766037230529606,1.2905381900744413,106.05760840828249
688.0,1115.0,780.0,1448.0,688.0,8464.0,110889.0,119353.0,92.0,333.0,345.4750352775147,0.2662999945165295,1.3012439595934842,105.44421299840153
698.0,1108.0,775.0,1447.0,698.0,5929.0,114921.0,120850.0,77.0,339.0,347.6348659153739,0.22149677017363503,1.3474472278848617,102.79696072559497
703.0,1107.0,781.0,1450.0,703.0,6084.0,117649.0,123733.0,78.0,343.0,351.75701840901485,0.22174397643234348,1.3471937175904145,102.81148579552992
703.0,1107.0,781.0,1450.0,703.0,6084.0,117649.0,123733.0,78.0,343.0,351.75701840901485,0.22174397643234348,1.3471937175904145,102.81148579552992
715.0,1107.0,778.0,1455.0,715.0,3969.0,121104.0,125073.0,63.0,348.0,353.65661311503845,0.17813889989244222,1.3917015521982545,100.26137471723437
715.0,1107.0,784.0,1453.0,715.0,4761.0,119716.0,124477.0,69.0,346.0,352.8129816205747,0.19557103506527035,1.3739566312568585,101.27808379496969
722.0,1106.0,787.0,1451.0,722.0,4225.0,119025.0,123250.0,65.0,345.0,351.0697936308392,0.18514836986616265,1.384573486383755,100.66978280449668
728.0,1103.0,783.0,1457.0,728.0,3025.0,125316.0,128341.0,55.0,354.0,358.24712141202195,0.1535253089633181,1.41666143073186,98.83127902009961
733.0,1105.0,782.0,1452.0,733.0,2401.0,120409.0,122810.0,49.0,347.0,350.44257732187737,0.13982319264532198,1.4305134757927485,98.03761530048565
738.0,1103.0,781.0,1452.0,738.0,1849.0,121801.0,123650.0,43.0,349.0,351.63901945034485,0.12228449523950527,1.448204998849828,97.02396569615662
744.0,1101.0,783.0,1452.0,744.0,1521.0,123201.0,124722.0,39.0,351.0,353.1600203873592,0.11043152607484656,1.460139105621001,96.3401917459099
752.0,1099.0,785.0,1459.0,752.0,1089.0,129600.0,130689.0,33.0,360.0,361.5093359790311,0.0912839495849538,1.4793851249346157,95.23747606681252
752.0,1098.0,791.0,1459.0,752.0,1521.0,130321.0,131842.0,39.0,361.0,363.10053704174,0.1074082685686493,1.4631804587740478,96.16593504623152
758.0,1098.0,785.0,1459.0,758.0,729.0,130321.0,131050.0,27.0,361.0,362.008287197959,0.07458392792327276,1.4961430764229713,94.27731617324476
763.0,1097.0,785.0,1458.0,763.0,484.0,130321.0,130805.0,22.0,361.0,361.6697388502389,0.06082897637479649,1.5099297749520064,93.48739653411182
764.0,1096.0,787.0,1458.0,764.0,529.0,131044.0,131573.0,23.0,362.0,362.72992708074145,0.06340805729790347,1.5073457028916788,93.63545295712628
770.0,1097.0,787.0,1453.0,770.0,289.0,126736.0,127025.0,17.0,356.0,356.4056677439347,0.04769845582874938,1.523079765624671,92.73395756793174
775.0,1098.0,781.0,1452.0,775.0,36.0,125316.0,125352.0,6.0,354.0,354.05084380636634,0.016946718543287685,1.5538487969884918,90.97102193107916
776.0,1097.0,787.0,1452.0,776.0,121.0,126025.0,126146.0,11.0,355.0,355.17038164801977,0.03097105098955351,1.53982032239729,91.77479431816154
781.0,1098.0,781.0,1452.0,781.0,0.0,125316.0,125316.0,0.0,354.0,354.0,nan,nan,nan
785.0,1096.0,779.0,1453.0,785.0,36.0,127449.0,127485.0,6.0,357.0,357.0504166080751,0.016804349528559834,1.5539911862798546,89.03713637436378
792.0,1094.0,781.0,1453.0,792.0,121.0,128881.0,129002.0,11.0,359.0,359.1684841407999,0.030626295139213333,1.5401652418762664,88.24496811225566
792.0,1092.0,781.0,1453.0,792.0,121.0,130321.0,130442.0,11.0,361.0,361.1675511448945,0.030456778204825438,1.5403348379276776,88.2546852502236
797.0,1093.0,781.0,1454.0,797.0,256.0,130321.0,130577.0,16.0,361.0,361.35439668004597,0.04427786169754808,1.526503984312619,87.46223571101748
798.0,1093.0,781.0,1454.0,798.0,289.0,130321.0,130610.0,17.0,361.0,361.4000553403389,0.047039284440592306,1.5237396777993637,87.30385261452744
803.0,1093.0,781.0,1454.0,803.0,484.0,130321.0,130805.0,22.0,361.0,361.6697388502389,0.06082897637479649,1.5099297749520064,86.51260346588818
803.0,1095.0,781.0,1453.0,803.0,484.0,128164.0,128648.0,22.0,358.0,358.6753406633916,0.06133680659314264,1.5094209946810797,86.48345250366455
807.0,1094.0,780.0,1455.0,807.0,729.0,130321.0,131050.0,27.0,361.0,362.008287197959,0.07458392792327276,1.4961430764229713,85.72268382675524
807.0,1098.0,774.0,1455.0,807.0,1089.0,127449.0,128538.0,33.0,357.0,358.5219658542556,0.09204456949065982,1.4786212892384347,84.71875937155488
812.0,1095.0,774.0,1456.0,812.0,1444.0,130321.0,131765.0,38.0,361.0,362.9944903163132,0.10468478451804274,1.4659193880646628,83.99099404250548
812.0,1096.0,774.0,1451.0,812.0,1444.0,126025.0,127469.0,38.0,355.0,357.02801010564986,0.10643422623551367,1.4641601170457712,83.89019523810332
818.0,1096.0,774.0,1451.0,818.0,1936.0,126025.0,127961.0,44.0,355.0,357.7163680906984,0.12300247884895185,1.447481553786949,82.93458395503085
818.0,1095.0,775.0,1450.0,818.0,1849.0,126025.0,127874.0,43.0,355.0,357.59474269066095,0.12024785285279586,1.4502567837298643,83.09359291793822
822.0,1093.0,779.0,1451.0,822.0,1849.0,128164.0,130013.0,43.0,358.0,360.5731548521049,0.1192545796085046,1.451257256487985,83.15091578449635
828.0,1094.0,779.0,1452.0,828.0,2401.0,128164.0,130565.0,49.0,358.0,361.3377921004112,0.13560718272829742,1.4347700462297406,82.20626822075415
828.0,1094.0,779.0,1452.0,828.0,2401.0,128164.0,130565.0,49.0,358.0,361.3377921004112,0.13560718272829742,1.4347700462297406,82.20626822075415
834.0,1094.0,780.0,1451.0,834.0,2916.0,127449.0,130365.0,54.0,357.0,361.06093668520833,0.1495592419821367,1.4206738407791344,81.3986151412851
836.0,1092.0,776.0,1452.0,836.0,3600.0,129600.0,133200.0,60.0,360.0,364.9657518178932,0.16439898730535726,1.4056476493802699,80.53767779197439
838.0,1093.0,778.0,1452.0,838.0,3600.0,128881.0,132481.0,60.0,359.0,363.9793950212017,0.16484449620150893,1.405195978227606,80.51179894119895
839.0,1097.0,779.0,1453.0,839.0,3600.0,126736.0,130336.0,60.0,356.0,361.0207750254824,0.16619542184453218,1.4038261577699678,80.4333140102856
844.0,1097.0,779.0,1452.0,844.0,4225.0,126025.0,130250.0,65.0,355.0,360.90164865237176,0.18010446957699935,1.389703670263678,79.62415507994895
846.0,1097.0,780.0,1453.0,846.0,4356.0,126736.0,131092.0,66.0,356.0,362.0662922725616,0.18228706015614274,1.387484342767876,79.49699698108216
845.0,1097.0,780.0,1452.0,845.0,4225.0,126025.0,130250.0,65.0,355.0,360.90164865237176,0.18010446957699935,1.389703670263678,79.62415507994895
846.0,1097.0,781.0,1452.0,846.0,4225.0,126025.0,130250.0,65.0,355.0,360.90164865237176,0.18010446957699935,1.389703670263678,79.62415507994895
852.0,1098.0,781.0,1453.0,852.0,5041.0,126025.0,131066.0,71.0,355.0,362.0303854650877,0.19611613513818404,1.373400766945016,78.69006752597979
853.0,1098.0,782.0,1453.0,853.0,5041.0,126025.0,131066.0,71.0,355.0,362.0303854650877,0.19611613513818404,1.373400766945016,78.69006752597979
852.0,1098.0,782.0,1451.0,852.0,4900.0,124609.0,129509.0,70.0,353.0,359.87358891699733,0.19451274601911694,1.3750356428726345,78.78373901665987
854.0,1097.0,783.0,1451.0,854.0,5041.0,125316.0,130357.0,71.0,354.0,361.04985805287333,0.19664874093262355,1.3728575839457489,78.65894543261854
854.0,1102.0,783.0,1452.0,854.0,5041.0,122500.0,127541.0,71.0,350.0,357.1288282958966,0.1988078093241284,1.3706550297484907,78.53274837296682
855.0,1102.0,784.0,1452.0,855.0,5041.0,122500.0,127541.0,71.0,350.0,357.1288282958966,0.1988078093241284,1.3706550297484907,78.53274837296682
860.0,1102.0,778.0,1452.0,860.0,6724.0,122500.0,129224.0,82.0,350.0,359.477398455035,0.22810891686770934,1.3406613776896663,76.8142386978123
862.0,1103.0,786.0,1452.0,862.0,5776.0,121801.0,127577.0,76.0,349.0,357.179226719584,0.2127783317579845,1.3563787977603172,77.71478053269482
861.0,1103.0,784.0,1452.0,861.0,5929.0,121801.0,127730.0,77.0,349.0,357.39334073258834,0.21544889404532455,1.3536448304390865,77.5581357438616
861.0,1103.0,785.0,1452.0,861.0,5776.0,121801.0,127577.0,76.0,349.0,357.179226719584,0.2127783317579845,1.3563787977603172,77.71478053269482
864.0,1102.0,782.0,1451.0,864.0,6724.0,121801.0,128525.0,82.0,349.0,358.50383540486706,0.2287283758272639,1.3400250973776249,76.77778252134506
865.0,1104.0,784.0,1452.0,865.0,6561.0,121104.0,127665.0,81.0,348.0,357.30239293909017,0.2266987336236737,1.3421095011226725,76.89721005873756
866.0,1104.0,784.0,1452.0,866.0,6724.0,121104.0,127828.0,82.0,348.0,357.5304182863327,0.22935111477516099,1.3393853521147583,76.74112781781932
865.0,1104.0,784.0,1452.0,865.0,6561.0,121104.0,127665.0,81.0,348.0,357.30239293909017,0.2266987336236737,1.3421095011226725,76.89721005873756
866.0,1105.0,784.0,1452.0,866.0,6724.0,120409.0,127133.0,82.0,347.0,356.5571482946317,0.2299771590394296,1.3387421140484679,76.70427299139872
869.0,1105.0,782.0,1451.0,869.0,7569.0,119716.0,127285.0,87.0,346.0,356.7702341844117,0.2438544241194471,1.3244580451992187,75.88585613206246
870.0,1105.0,784.0,1452.0,870.0,7396.0,120409.0,127805.0,86.0,347.0,357.49825174397705,0.24056061695537756,1.3278529390124376,76.08036921945498
871.0,1105.0,784.0,1451.0,871.0,7569.0,119716.0,127285.0,87.0,346.0,356.7702341844117,0.2438544241194471,1.3244580451992187,75.88585613206246
871.0,1106.0,784.0,1451.0,871.0,7569.0,119025.0,126594.0,87.0,345.0,355.8005059018326,0.24451904524274007,1.3237726767436784,75.8465874121486
869.0,1102.0,783.0,1452.0,869.0,7396.0,122500.0,129896.0,86.0,350.0,360.41087663942665,0.2386165500938496,1.3298553267868196,76.19509758787565
875.0,1102.0,784.0,1452.0,875.0,8281.0,122500.0,130781.0,91.0,350.0,361.6365578865057,0.25163385176495073,1.3164282682416306,75.42578380196126
876.0,1101.0,789.0,1452.0,876.0,7569.0,123201.0,130770.0,87.0,351.0,361.62134892729995,0.24058314106197973,1.3278297333873983,76.07903963507925
876.0,1106.0,789.0,1452.0,876.0,7569.0,119716.0,127285.0,87.0,346.0,356.7702341844117,0.2438544241194471,1.3244580451992187,75.88585613206246
877.0,1106.0,790.0,1452.0,877.0,7569.0,119716.0,127285.0,87.0,346.0,356.7702341844117,0.2438544241194471,1.3244580451992187,75.88585613206246
876.0,1106.0,789.0,1451.0,876.0,7569.0,119025.0,126594.0,87.0,345.0,355.8005059018326,0.24451904524274007,1.3237726767436784,75.8465874121486
877.0,1106.0,790.0,1453.0,877.0,7569.0,120409.0,127978.0,87.0,347.0,357.7401291440478,0.24319329287480784,1.3251396976702106,75.92491194174495
878.0,1107.0,791.0,1453.0,878.0,7569.0,119716.0,127285.0,87.0,346.0,356.7702341844117,0.2438544241194471,1.3244580451992187,75.88585613206246
878.0,1107.0,792.0,1454.0,878.0,7396.0,120409.0,127805.0,86.0,347.0,357.49825174397705,0.24056061695537756,1.3278529390124376,76.08036921945498
876.0,1106.0,784.0,1453.0,876.0,8464.0,120409.0,128873.0,92.0,347.0,358.98885776580863,0.25627536345436513,1.3116294266149287,75.15083043019955
876.0,1107.0,790.0,1453.0,876.0,7396.0,119716.0,127112.0,86.0,346.0,356.527698783699,0.24121548001288715,1.3271782070462281,76.0417099254886
877.0,1107.0,790.0,1454.0,877.0,7569.0,120409.0,127978.0,87.0,347.0,357.7401291440478,0.24319329287480784,1.3251396976702106,75.92491194174495
876.0,1107.0,789.0,1453.0,876.0,7569.0,119716.0,127285.0,87.0,346.0,356.7702341844117,0.2438544241194471,1.3244580451992187,75.88585613206246
877.0,1107.0,790.0,1454.0,877.0,7569.0,120409.0,127978.0,87.0,347.0,357.7401291440478,0.24319329287480784,1.3251396976702106,75.92491194174495
875.0,1106.0,793.0,1455.0,875.0,6724.0,121801.0,128525.0,82.0,349.0,358.50383540486706,0.2287283758272639,1.3400250973776249,76.77778252134506
875.0,1106.0,788.0,1454.0,875.0,7569.0,121104.0,128673.0,87.0,348.0,358.71018942873644,0.242535625036333,1.3258176636680323,75.96375653207352
875.0,1106.0,782.0,1454.0,875.0,8649.0,121104.0,129753.0,93.0,348.0,360.2124373199793,0.2581809797905102,1.3096574544123287,75.03784474567345
877.0,1107.0,785.0,1453.0,877.0,8464.0,119716.0,128180.0,92.0,346.0,358.0223456713282,0.25696720082510677,1.3109136182626344,75.10981763267287
877.0,1107.0,785.0,1453.0,877.0,8464.0,119716.0,128180.0,92.0,346.0,358.0223456713282,0.25696720082510677,1.3109136182626344,75.10981763267287
878.0,1107.0,786.0,1453.0,878.0,8464.0,119716.0,128180.0,92.0,346.0,358.0223456713282,0.25696720082510677,1.3109136182626344,75.10981763267287
875.0,1105.0,793.0,1459.0,875.0,6724.0,125316.0,132040.0,82.0,354.0,363.3730865102698,0.2256633830191012,1.343172396419988,76.95810947333804
874.0,1106.0,793.0,1459.0,874.0,6561.0,124609.0,131170.0,81.0,353.0,362.17399133565624,0.2236494114369761,1.3452391999571234,77.0765285930986
875.0,1105.0,793.0,1459.0,875.0,6724.0,125316.0,132040.0,82.0,354.0,363.3730865102698,0.2256633830191012,1.343172396419988,76.95810947333804
877.0,1107.0,785.0,1453.0,877.0,8464.0,119716.0,128180.0,92.0,346.0,358.0223456713282,0.25696720082510677,1.3109136182626344,75.10981763267287
878.0,1107.0,791.0,1453.0,878.0,7569.0,119716.0,127285.0,87.0,346.0,356.7702341844117,0.2438544241194471,1.3244580451992187,75.88585613206246
875.0,1105.0,793.0,1454.0,875.0,6724.0,121801.0,128525.0,82.0,349.0,358.50383540486706,0.2287283758272639,1.3400250973776249,76.77778252134506
877.0,1107.0,790.0,1453.0,877.0,7569.0,119716.0,127285.0,87.0,346.0,356.7702341844117,0.2438544241194471,1.3244580451992187,75.88585613206246
877.0,1107.0,791.0,1453.0,877.0,7396.0,119716.0,127112.0,86.0,346.0,356.527698783699,0.24121548001288715,1.3271782070462281,76.0417099254886
876.0,1106.0,790.0,1452.0,876.0,7396.0,119716.0,127112.0,86.0,346.0,356.527698783699,0.24121548001288715,1.3271782070462281,76.0417099254886
877.0,1107.0,791.0,1454.0,877.0,7396.0,120409.0,127805.0,86.0,347.0,357.49825174397705,0.24056061695537756,1.3278529390124376,76.08036921945498
874.0,1106.0,787.0,1453.0,874.0,7569.0,120409.0,127978.0,87.0,347.0,357.7401291440478,0.24319329287480784,1.3251396976702106,75.92491194174495
874.0,1106.0,792.0,1459.0,874.0,6724.0,124609.0,131333.0,82.0,353.0,362.3989514333616,0.22626997036187138,1.3425497031238016,76.92243177553547
876.0,1108.0,790.0,1453.0,876.0,7396.0,119025.0,126421.0,86.0,345.0,355.557309023454,0.24187380716824777,1.3264997918023438,76.0028395952567
875.0,1106.0,787.0,1454.0,875.0,7744.0,121104.0,128848.0,88.0,348.0,358.9540360547573,0.24515673640893643,1.3231149675460234,75.80890345097603
874.0,1106.0,792.0,1460.0,874.0,6724.0,125316.0,132040.0,82.0,354.0,363.3730865102698,0.2256633830191012,1.343172396419988,76.95810947333804
874.0,1105.0,787.0,1454.0,874.0,7569.0,121801.0,129370.0,87.0,349.0,359.6804137008297,0.2418813943879739,1.3264919723992772,76.00239157646267
877.0,1108.0,790.0,1453.0,877.0,7569.0,119025.0,126594.0,87.0,345.0,355.8005059018326,0.24451904524274007,1.3237726767436784,75.8465874121486
876.0,1103.0,785.0,1453.0,876.0,8281.0,122500.0,130781.0,91.0,350.0,361.6365578865057,0.25163385176495073,1.3164282682416306,75.42578380196126
873.0,1106.0,787.0,1454.0,873.0,7396.0,121104.0,128500.0,86.0,348.0,358.4689665786984,0.23990919164021837,1.328524017006461,76.11881915623661
873.0,1106.0,786.0,1454.0,873.0,7569.0,121104.0,128673.0,87.0,348.0,358.71018942873644,0.242535625036333,1.3258176636680323,75.96375653207352
874.0,1106.0,786.0,1454.0,874.0,7744.0,121104.0,128848.0,88.0,348.0,358.9540360547573,0.24515673640893643,1.3231149675460234,75.80890345097603
876.0,1102.0,785.0,1454.0,876.0,8281.0,123904.0,132185.0,91.0,352.0,363.572551219148,0.2502939226155953,1.317812497778652,75.50509431230994
874.0,1106.0,787.0,1454.0,874.0,7569.0,121104.0,128673.0,87.0,348.0,358.71018942873644,0.242535625036333,1.3258176636680323,75.96375653207352
875.0,1107.0,784.0,1452.0,875.0,8281.0,119025.0,127306.0,91.0,345.0,356.79966367697153,0.25504508345721655,1.3129019984763233,75.22374342698456
873.0,1105.0,786.0,1454.0,873.0,7569.0,121801.0,129370.0,87.0,349.0,359.6804137008297,0.2418813943879739,1.3264919723992772,76.00239157646267
