740.0,1033.0,700.0,1430.0,740.0,1600.0,157609.0,159209.0,40.0,397.0,399.01002493671757,0.10024810781720069,1.4703795447674997,84.24654219754503
745.0,1032.0,699.0,1429.0,745.0,2116.0,157609.0,159725.0,46.0,397.0,399.6561021678513,0.11509895570337242,1.45544170994213,83.3906673069878
737.0,1036.0,703.0,1429.0,737.0,1156.0,154449.0,155605.0,34.0,393.0,394.46799616698945,0.08619203669340728,1.4844972106667076,85.0554248701454
737.0,1034.0,697.0,1429.0,737.0,1600.0,156025.0,157625.0,40.0,395.0,397.0201506221063,0.10075055368681525,1.4698745421276027,84.21760767763595
738.0,1034.0,698.0,1429.0,738.0,1600.0,156025.0,157625.0,40.0,395.0,397.0201506221063,0.10075055368681525,1.4698745421276027,84.21760767763595
738.0,1036.0,698.0,1430.0,738.0,1600.0,155236.0,156836.0,40.0,394.0,396.0252517201397,0.10100366031271893,1.469620137757336,84.20303138092999
739.0,1034.0,699.0,1429.0,739.0,1600.0,156025.0,157625.0,40.0,395.0,397.0201506221063,0.10075055368681525,1.4698745421276027,84.21760767763595
740.0,1035.0,700.0,1430.0,740.0,1600.0,156025.0,157625.0,40.0,395.0,397.0201506221063,0.10075055368681525,1.4698745421276027,84.21760767763595
739.0,1035.0,705.0,1435.0,739.0,1156.0,160000.0,161156.0,34.0,400.0,401.4423993551254,0.0846945914398115,1.4860001522716937,85.14153708096572
739.0,1032.0,699.0,1431.0,739.0,1600.0,159201.0,160801.0,40.0,399.0,401.0,0.09975062344139651,1.4708795353510111,84.2751895477765
738.0,1033.0,699.0,1430.0,738.0,1521.0,157609.0,159130.0,39.0,397.0,398.911017646793,0.09776616406852842,1.4728737438687702,84.38944927931314
737.0,1033.0,698.0,1430.0,737.0,1521.0,157609.0,159130.0,39.0,397.0,398.911017646793,0.09776616406852842,1.4728737438687702,84.38944927931314
736.0,1033.0,702.0,1431.0,736.0,1156.0,158404.0,159560.0,34.0,398.0,399.4496213541828,0.08511711660843704,1.4855760958227675,85.11724043616694
731.0,1033.0,697.0,1431.0,731.0,1156.0,158404.0,159560.0,34.0,398.0,399.4496213541828,0.08511711660843704,1.4855760958227675,85.11724043616694
730.0,1035.0,696.0,1431.0,730.0,1156.0,156816.0,157972.0,34.0,396.0,397.4569159041015,0.08554386309434235,1.48514778716437,85.09270015771185
734.0,1037.0,700.0,1431.0,734.0,1156.0,155236.0,156392.0,34.0,394.0,395.4642841016114,0.0859748942366284,1.4847151621754553,85.06791257173515
733.0,1035.0,694.0,1431.0,733.0,1521.0,156816.0,158337.0,39.0,396.0,397.91582024342785,0.09801067968632529,1.4726280482716654,84.3753719585541
732.0,1034.0,698.0,1425.0,732.0,1156.0,152881.0,154037.0,34.0,391.0,392.4754769409167,0.086629616364842,1.4840579881189115,85.0302592718897
732.0,1035.0,698.0,1431.0,732.0,1156.0,156816.0,157972.0,34.0,396.0,397.4569159041015,0.08554386309434235,1.48514778716437,85.09270015771185
727.0,1035.0,699.0,1425.0,727.0,784.0,152100.0,152884.0,28.0,390.0,391.0038362983156,0.07161055058968131,1.4991244305388591,85.89350283482956
727.0,1033.0,698.0,1430.0,727.0,841.0,157609.0,158450.0,29.0,397.0,398.05778474990285,0.07285374413220058,1.4978779809974019,85.82208653672805
726.0,1033.0,698.0,1430.0,726.0,784.0,157609.0,158393.0,28.0,397.0,397.9861806646055,0.07035420162891638,1.5003839566506152,85.96566836521971
726.0,1034.0,692.0,1424.0,726.0,1156.0,152100.0,153256.0,34.0,390.0,391.4792459377636,0.08685007022161587,1.4838367002269715,85.01758040962419
726.0,1033.0,697.0,1429.0,726.0,841.0,156816.0,157657.0,29.0,396.0,397.0604487984166,0.07303673807794187,1.4976944982436766,85.81157374932616
724.0,1034.0,695.0,1429.0,724.0,841.0,156025.0,156866.0,29.0,395.0,396.0631262816573,0.07322065114281018,1.497510091431617,85.80100801728167
723.0,1035.0,701.0,1429.0,723.0,484.0,155236.0,155720.0,22.0,394.0,394.6137351892354,0.05575072035809901,1.5150166857680007,86.8040619864041
721.0,1034.0,698.0,1423.0,721.0,529.0,151321.0,151850.0,23.0,389.0,389.6793553679743,0.05902288556775376,1.5117391177109636,86.61627116966898
721.0,1035.0,703.0,1423.0,721.0,324.0,150544.0,150868.0,18.0,388.0,388.41730136542577,0.04634191097235772,1.5244378126682037,87.3438527960429
720.0,1040.0,697.0,1429.0,720.0,529.0,151321.0,151850.0,23.0,389.0,389.6793553679743,0.05902288556775376,1.5117391177109636,86.61627116966898
714.0,1039.0,703.0,1424.0,714.0,121.0,148225.0,148346.0,11.0,385.0,385.1571108002551,0.02855977389887699,1.5422326689561365,88.36342295838328
713.0,1041.0,701.0,1429.0,713.0,144.0,150544.0,150688.0,12.0,388.0,388.1855226563711,0.030913053938445352,1.539878347231854,88.22853025996592
713.0,1039.0,702.0,1428.0,713.0,121.0,151321.0,151442.0,11.0,389.0,389.15549591390845,0.0282663359903659,1.5425262253839291,88.38024250274474
713.0,1041.0,702.0,1429.0,713.0,121.0,150544.0,150665.0,11.0,388.0,388.15589651582,0.028339128939528228,1.5424534032620212,88.37607010250422
709.0,1040.0,697.0,1423.0,709.0,144.0,146689.0,146833.0,12.0,383.0,383.18794344290114,0.031316225380635235,1.539474980485774,88.20541904781962
709.0,1038.0,697.0,1428.0,709.0,144.0,152100.0,152244.0,12.0,390.0,390.1845717093386,0.030754675786973953,1.5400368007244274,88.23760897633949
706.0,1039.0,701.0,1428.0,706.0,25.0,151321.0,151346.0,5.0,389.0,389.0321323489873,0.012852408796697216,1.5579435641356303,89.2635909445407
701.0,1040.0,701.0,1429.0,701.0,0.0,151321.0,151321.0,0.0,389.0,389.0,nan,nan,nan
700.0,1041.0,700.0,1430.0,700.0,0.0,151321.0,151321.0,0.0,389.0,389.0,nan,nan,nan
697.0,1041.0,697.0,1424.0,697.0,0.0,146689.0,146689.0,0.0,383.0,383.0,nan,nan,nan
696.0,1042.0,696.0,1429.0,696.0,0.0,149769.0,149769.0,0.0,387.0,387.0,nan,nan,nan
689.0,1039.0,700.0,1424.0,689.0,121.0,148225.0,148346.0,11.0,385.0,385.1571108002551,0.02855977389887699,1.5422326689561365,91.63657704161672
687.0,1039.0,698.0,1429.0,687.0,121.0,152100.0,152221.0,11.0,390.0,390.1550973651376,0.028193915892133898,1.5425986743566735,91.61560647688695
686.0,1044.0,697.0,1428.0,686.0,121.0,147456.0,147577.0,11.0,384.0,384.15751977541714,0.028634087408807525,1.542158325041323,91.64083663416801
685.0,1040.0,696.0,1429.0,685.0,121.0,151321.0,151442.0,11.0,389.0,389.15549591390845,0.0282663359903659,1.5425262253839291,91.61975749725526
685.0,1041.0,702.0,1429.0,685.0,289.0,150544.0,150833.0,17.0,388.0,388.3722441163889,0.0437724380604948,1.5270098984778073,92.50877754252133
679.0,1041.0,696.0,1428.0,679.0,289.0,149769.0,150058.0,17.0,387.0,387.3732050619919,0.04388532758036134,1.5268969003726682,92.51525185703878
679.0,1044.0,696.0,1432.0,679.0,289.0,150544.0,150833.0,17.0,388.0,388.3722441163889,0.0437724380604948,1.5270098984778073,92.50877754252133
678.0,1045.0,700.0,1426.0,678.0,484.0,145161.0,145645.0,22.0,381.0,381.63464203345063,0.05764675838330127,1.5131175924455464,93.304748045874
675.0,1045.0,698.0,1437.0,675.0,529.0,153664.0,154193.0,23.0,392.0,392.674165180242,0.05857273546234632,1.5121900479691912,93.35789242967984
669.0,1043.0,697.0,1430.0,669.0,784.0,149769.0,150553.0,28.0,387.0,388.0115977648091,0.07216279142504403,1.4985707572363527,94.13822030863312
668.0,1042.0,696.0,1430.0,668.0,784.0,150544.0,151328.0,28.0,388.0,389.00899732525465,0.07197776964677477,1.4987562614080687,94.12759170251172
663.0,1041.0,696.0,1435.0,663.0,1089.0,155236.0,156325.0,33.0,394.0,395.37956446938426,0.08346410124733525,1.4872350151160005,94.78771048977798
656.0,1048.0,695.0,1435.0,656.0,1521.0,149769.0,151290.0,39.0,387.0,388.96015220071064,0.10026734044436325,1.4703602147460457,95.75456533110219
653.0,1044.0,692.0,1435.0,653.0,1521.0,152881.0,154402.0,39.0,391.0,392.9401990125215,0.09925174389896724,1.4713809029638067,95.69608420402575
647.0,1044.0,697.0,1435.0,647.0,2500.0,152881.0,155381.0,50.0,391.0,394.18396720313217,0.1268443269135648,1.4436093700266257,97.28727583193478
647.0,1043.0,692.0,1430.0,647.0,2025.0,149769.0,151794.0,45.0,387.0,389.6074947944405,0.11550085817456437,1.455037109074086,96.63251461513846
641.0,1046.0,691.0,1430.0,641.0,2500.0,147456.0,149956.0,50.0,384.0,387.2415266987775,0.12911838362545597,1.4413164571926413,97.41865006011346
635.0,1043.0,697.0,1437.0,635.0,3844.0,155236.0,159080.0,62.0,394.0,398.84834210511644,0.15544755601280627,1.414715826199424,98.94275394840972
630.0,1045.0,697.0,1436.0,630.0,4489.0,152881.0,157370.0,67.0,391.0,396.6988782439396,0.16889384788933057,1.401089040261663,99.72351127097164
630.0,1046.0,698.0,1442.0,630.0,4624.0,156816.0,161440.0,68.0,396.0,401.7959681231259,0.16924012532440882,1.4007377052028402,99.74364128703716
625.0,1048.0,693.0,1436.0,625.0,4624.0,150544.0,155168.0,68.0,388.0,393.91369613152574,0.17262664555155544,1.397300597832115,99.94057303311303
624.0,1049.0,697.0,1442.0,624.0,5329.0,154449.0,159778.0,73.0,393.0,399.7224036753507,0.18262674128040532,1.3871388623565422,100.52279758839171
621.0,1050.0,693.0,1437.0,621.0,5184.0,149769.0,154953.0,72.0,387.0,393.64069911532266,0.18290791618299249,1.3868528702577214,100.53918372862823
619.0,1044.0,692.0,1437.0,619.0,5329.0,154449.0,159778.0,73.0,393.0,399.7224036753507,0.18262674128040532,1.3871388623565422,100.52279758839171
614.0,1048.0,693.0,1436.0,614.0,6241.0,150544.0,156785.0,79.0,388.0,395.9608566512604,0.19951467088975075,1.369933717934461,101.50857974969001
609.0,1053.0,694.0,1437.0,609.0,7225.0,147456.0,154681.0,85.0,384.0,393.295054634558,0.21612272770370916,1.3529547387023884,102.48140360012805
609.0,1054.0,688.0,1437.0,609.0,6241.0,146689.0,152930.0,79.0,383.0,391.0626548265636,0.20201366462628995,1.3673827854328573,101.65473741585465
603.0,1052.0,687.0,1437.0,603.0,7056.0,148225.0,155281.0,84.0,385.0,394.05710246105195,0.2131670752167256,1.355980926393238,102.30801581742791
602.0,1053.0,691.0,1432.0,602.0,7921.0,143641.0,151562.0,89.0,379.0,389.30964539810725,0.22860979955682523,1.3401469009293872,103.21523864920925
595.0,1056.0,691.0,1437.0,595.0,9216.0,145161.0,154377.0,96.0,381.0,392.90838626835136,0.24433176627192998,1.3239658139330621,104.14234664203269
594.0,1054.0,690.0,1432.0,594.0,9216.0,142884.0,152100.0,96.0,378.0,390.0,0.24615384615384617,1.3220863377013736,104.2500326978036
586.0,1057.0,688.0,1431.0,586.0,10404.0,139876.0,150280.0,102.0,374.0,387.6596445337069,0.26311740579210874,1.3045442776439713,105.25511870305778
582.0,1058.0,689.0,1437.0,582.0,11449.0,143641.0,155090.0,107.0,379.0,393.8146772277539,0.2717014021753154,1.2956358273422834,105.76553530734652
580.0,1059.0,687.0,1431.0,580.0,11449.0,138384.0,149833.0,107.0,372.0,387.0826785068017,0.276426732430291,1.29072236163185,106.04705615533662
575.0,1062.0,682.0,1426.0,575.0,11449.0,132496.0,143945.0,107.0,364.0,379.40084343606827,0.282023621853203,1.2848936281971122,106.38101798105389
580.0,1064.0,687.0,1432.0,580.0,11449.0,135424.0,146873.0,107.0,368.0,383.24013359772226,0.2791983161980506,1.2878372033021306,106.21236355085655
572.0,1064.0,691.0,1432.0,572.0,14161.0,135424.0,149585.0,119.0,368.0,386.76220084180926,0.307682601197816,1.2580398062429283,107.91962864282438
572.0,1065.0,685.0,1432.0,572.0,12769.0,134689.0,147458.0,113.0,367.0,384.0026041578364,0.2942688377018237,1.2721059343647998,107.11369886735086
566.0,1064.0,685.0,1431.0,566.0,14161.0,134689.0,148850.0,119.0,367.0,385.8108344772085,0.308441312077849,1.257242310148167,107.96532180323237
560.0,1068.0,685.0,1432.0,560.0,15625.0,132496.0,148121.0,125.0,364.0,384.8649113650139,0.32478928660100015,1.2400073989715303,108.9528094739365
556.0,1069.0,686.0,1426.0,556.0,16900.0,127449.0,144349.0,130.0,357.0,379.93288881064245,0.3421656924910011,1.2215755818426166,110.0088748041802
556.0,1068.0,687.0,1432.0,556.0,17161.0,132496.0,149657.0,131.0,364.0,386.855270094644,0.338627931753265,1.2253380319410612,109.79330229291074
552.0,1073.0,681.0,1426.0,552.0,16641.0,124609.0,141250.0,129.0,353.0,375.8324094593227,0.34323809430267344,1.220434053810745,110.07427954260231
547.0,1075.0,681.0,1426.0,547.0,17956.0,123201.0,141157.0,134.0,351.0,375.7086637276282,0.35665932925396665,1.2061067225309046,110.89517515662293
544.0,1077.0,682.0,1425.0,544.0,19044.0,121104.0,140148.0,138.0,348.0,374.3634597553559,0.368625720283123,1.1932661313713584,111.63088683651793
538.0,1075.0,680.0,1425.0,538.0,20164.0,122500.0,142664.0,142.0,350.0,377.7088826066975,0.37595091494806715,1.1853735684482534,112.08309738155327
536.0,1077.0,677.0,1418.0,536.0,19881.0,116281.0,136162.0,141.0,341.0,369.00135501106223,0.38211241797682016,1.178715227561066,112.4645922129485
532.0,1077.0,673.0,1424.0,532.0,19881.0,120409.0,140290.0,141.0,347.0,374.55306700119274,0.37644865954214973,1.1848363597236367,112.11387717419142
529.0,1076.0,673.0,1422.0,529.0,20736.0,119716.0,140452.0,144.0,346.0,374.7692623468472,0.38423642082665965,1.1764157161032744,112.59634451442194
528.0,1076.0,672.0,1418.0,528.0,20736.0,116964.0,137700.0,144.0,342.0,371.07950630558946,0.38805700005813276,1.1722738811284763,112.83365417791755
524.0,1081.0,668.0,1422.0,524.0,20736.0,116281.0,137017.0,144.0,341.0,370.1580743412198,0.3890229876959476,1.1712255261200628,112.89372049533104
521.0,1081.0,664.0,1421.0,521.0,20449.0,115600.0,136049.0,143.0,340.0,368.84820726146955,0.38769335782247677,1.172668410303167,112.81104932131299
513.0,1089.0,678.0,1419.0,513.0,27225.0,108900.0,136125.0,165.0,330.0,368.9512162874653,0.4472135954999579,1.1071487177940904,116.56505117707799
510.0,1090.0,669.0,1413.0,510.0,25281.0,104329.0,129610.0,159.0,323.0,360.0138886209808,0.4416496280436383,1.1133598180469568,116.2091813464561
505.0,1085.0,669.0,1419.0,505.0,26896.0,111556.0,138452.0,164.0,334.0,372.09138662430763,0.44075193862411854,1.1143601312444167,116.15186762205042
505.0,1088.0,663.0,1414.0,505.0,24964.0,106276.0,131240.0,158.0,326.0,362.27061708065696,0.43613804860365596,1.119493769638315,115.85773180853373
501.0,1088.0,663.0,1414.0,501.0,26244.0,106276.0,132520.0,162.0,326.0,364.0329655402104,0.4450146424503025,1.1096057153069168,116.42427558931891
497.0,1090.0,665.0,1415.0,497.0,28224.0,105625.0,133849.0,168.0,325.0,365.85379593493354,0.459199827544986,1.0937020955251948,117.33548588179234
494.0,1088.0,666.0,1417.0,494.0,29584.0,108241.0,137825.0,172.0,329.0,371.24789561693143,0.46330228946934304,1.0890783957678662,117.60040436362293
487.0,1092.0,667.0,1422.0,487.0,32400.0,108900.0,141300.0,180.0,330.0,375.89892258425004,0.4788521306805733,1.0714496051147666,118.61045966596521
487.0,1090.0,671.0,1418.0,487.0,33856.0,107584.0,141440.0,184.0,328.0,376.0850967533811,0.48925097428324454,1.059565614517107,119.29136217098426
480.0,1093.0,675.0,1415.0,480.0,38025.0,103684.0,141709.0,195.0,322.0,376.44255869919914,0.518007317434629,1.0262766217111439,121.1986809630073
480.0,1092.0,674.0,1417.0,480.0,37636.0,105625.0,143261.0,194.0,325.0,378.4983487414443,0.5125517737265564,1.0326423414521484,120.83395208828463
475.0,1097.0,673.0,1416.0,475.0,39204.0,101761.0,140965.0,198.0,319.0,375.4530596492723,0.5273628617781428,1.015302591529353,121.82744657667311
475.0,1097.0,672.0,1422.0,475.0,38809.0,105625.0,144434.0,197.0,325.0,380.0447342090139,0.5183600304580342,1.0258642217764624,121.22230973873602
465.0,1100.0,671.0,1417.0,465.0,42436.0,100489.0,142925.0,206.0,317.0,378.05422891431857,0.5448953727923711,0.9945319955357046,123.01751406508049
464.0,1102.0,670.0,1418.0,464.0,42436.0,99856.0,142292.0,206.0,316.0,377.2161184254989,0.5461060382569137,0.9930874772988747,123.10027886348053
458.0,1102.0,673.0,1422.0,458.0,46225.0,102400.0,148625.0,215.0,320.0,385.5191305240247,0.5576895748539298,0.9791966164597852,123.89616656336392
455.0,1104.0,674.0,1423.0,455.0,47961.0,101761.0,149722.0,219.0,319.0,386.9392717210286,0.5659802868443199,0.9691744936722871,124.47039190084944
447.0,1108.0,674.0,1425.0,447.0,51529.0,100489.0,152018.0,227.0,317.0,389.89485762189787,0.5822082429723506,0.949354235533724,125.60600904104894
444.0,1107.0,673.0,1425.0,444.0,52441.0,101124.0,153565.0,229.0,318.0,391.87370414458786,0.5843719483548375,0.9466904375028886,125.75863342569104
438.0,1113.0,667.0,1422.0,438.0,52441.0,95481.0,147922.0,229.0,309.0,384.6062922002187,0.5954140757551282,0.9330153844214203,126.54215625187656
433.0,1113.0,667.0,1421.0,433.0,54756.0,94864.0,149620.0,234.0,308.0,386.8074456367147,0.6049521606669647,0.9210905406450866,127.22539947161333
428.0,1116.0,661.0,1418.0,428.0,54289.0,91204.0,145493.0,233.0,302.0,381.43544670101124,0.6108504126063496,0.9136620826199949,127.65101876474117
418.0,1117.0,656.0,1419.0,418.0,56644.0,91204.0,147848.0,238.0,302.0,384.51007789133433,0.6189694722832746,0.9033663834724924,128.2409188730295
416.0,1115.0,652.0,1420.0,416.0,55696.0,93025.0,148721.0,236.0,305.0,385.64361786499205,0.6119639715718568,0.9122548584336657,127.73164677144656
411.0,1118.0,660.0,1426.0,411.0,62001.0,94864.0,156865.0,249.0,308.0,396.06186385462564,0.6286896637223203,0.8909292465068577,128.9535143303865
405.0,1118.0,649.0,1426.0,405.0,59536.0,94864.0,154400.0,244.0,308.0,392.93765408777,0.6209636502423308,0.9008248237643731,128.38653951768524
400.0,1120.0,652.0,1427.0,400.0,63504.0,94249.0,157753.0,252.0,307.0,397.1813187953331,0.6344709282005663,0.8834724859728734,129.38075523782354
395.0,1120.0,647.0,1421.0,395.0,63504.0,90601.0,154105.0,252.0,301.0,392.56209699867867,0.6419366564593428,0.8737749495422971,129.93638314696992
384.0,1127.0,642.0,1420.0,384.0,66564.0,85849.0,152413.0,258.0,293.0,390.40107581818984,0.6608588346210164,0.8488338072989696,131.36540533374801
378.0,1129.0,640.0,1417.0,378.0,68644.0,82944.0,151588.0,262.0,288.0,389.34303640876897,0.6729284345667036,0.8326357241864566,132.29348713229717
371.0,1134.0,645.0,1418.0,371.0,75076.0,80656.0,155732.0,274.0,284.0,394.6289396382379,0.6943231285855006,0.8033173921571067,133.97330381994212
365.0,1131.0,659.0,1420.0,365.0,86436.0,83521.0,169957.0,294.0,289.0,412.25841410455166,0.7131449351702971,0.776822044329921,135.491375427171
359.0,1132.0,653.0,1416.0,359.0,86436.0,80656.0,167092.0,294.0,284.0,408.7688833558641,0.7192328280625286,0.7680988512415771,135.9911775750108
356.0,1134.0,660.0,1419.0,356.0,92416.0,81225.0,173641.0,304.0,285.0,416.70253178976486,0.7295372041400852,0.7531512809621943,136.8476102659946
350.0,1138.0,655.0,1407.0,350.0,93025.0,72361.0,165386.0,305.0,269.0,406.6767758306343,0.7499813565135107,0.7227624336651969,138.5887629603801
345.0,1135.0,658.0,1413.0,345.0,97969.0,77284.0,175253.0,313.0,278.0,418.63229689072006,0.7476728439843848,0.726245594025296,138.38919257237916
345.0,1137.0,664.0,1419.0,345.0,101761.0,79524.0,181285.0,319.0,282.0,425.77576257931827,0.7492206650456603,0.7239117057678182,138.52291451938777
341.0,1137.0,672.0,1423.0,341.0,109561.0,81796.0,191357.0,331.0,286.0,437.4437106645837,0.7566687825894908,0.7125935213362558,139.17139871906696
336.0,1141.0,669.0,1421.0,336.0,110889.0,78400.0,189289.0,333.0,280.0,435.0735569992734,0.7653878169400125,0.6991526089124794,139.9415062737543
333.0,1138.0,664.0,1413.0,333.0,109561.0,75625.0,185186.0,331.0,275.0,430.3324296401562,0.7691728003784937,0.6932506248097681,140.27966505359296
329.0,1139.0,659.0,1404.0,329.0,108900.0,70225.0,179125.0,330.0,265.0,423.2316150761897,0.7797149084446202,0.6765859585802033,141.23448009554122
325.0,1138.0,661.0,1401.0,325.0,112896.0,69169.0,182065.0,336.0,263.0,426.69075452838206,0.7874555434681919,0.664126406768095,141.9483598289996
324.0,1140.0,653.0,1401.0,324.0,108241.0,68121.0,176362.0,329.0,261.0,419.9547594682075,0.7834177196053586,0.670650224989618,141.5745725785958
319.0,1135.0,649.0,1394.0,319.0,108900.0,67081.0,175981.0,330.0,259.0,419.5008939203825,0.7866490984465722,0.6654336905030106,141.87345798836284
315.0,1138.0,649.0,1395.0,315.0,111556.0,66049.0,177605.0,334.0,257.0,421.4320823098308,0.7925357703413951,0.6558403021664528,142.42311865127763
310.0,1142.0,650.0,1388.0,310.0,115600.0,60516.0,176116.0,340.0,246.0,419.6617685708337,0.8101762549347218,0.6263435933659047,144.11315557507544
305.0,1141.0,635.0,1380.0,305.0,108900.0,57121.0,166021.0,330.0,239.0,407.4567461706825,0.8099019174461377,0.6268114460049624,144.08634959342336
304.0,1143.0,633.0,1376.0,304.0,108241.0,54289.0,162530.0,329.0,233.0,403.15009611805874,0.8160732272370721,0.6162125990307488,144.6936187927508
299.0,1143.0,632.0,1372.0,299.0,110889.0,52441.0,163330.0,333.0,229.0,404.14106448120316,0.82396972064067,0.6024147833714353,145.484175396529
295.0,1142.0,632.0,1370.0,295.0,113569.0,51984.0,165553.0,337.0,228.0,406.88204678997573,0.8282498642019283,0.5948191305523747,145.91937424570781
296.0,1142.0,627.0,1364.0,296.0,109561.0,49284.0,158845.0,331.0,222.0,398.55363503548676,0.8305030262000449,0.5907861732545827,146.15044567782778
290.0,1136.0,628.0,1361.0,290.0,114244.0,50625.0,164869.0,338.0,225.0,406.04063836025085,0.8324289937208619,0.58731954354451,146.3490689293496
292.0,1138.0,614.0,1358.0,292.0,103684.0,48400.0,152084.0,322.0,220.0,389.9794866400026,0.825684455288399,0.5993819132116498,145.65794605649586
286.0,1135.0,618.0,1350.0,286.0,110224.0,46225.0,156449.0,332.0,215.0,395.5363447270048,0.8393666079640368,0.5746794087562589,147.0732953051929
285.0,1132.0,616.0,1351.0,285.0,109561.0,47961.0,157522.0,331.0,219.0,396.8904130865345,0.8339833593507123,0.5845085576686562,146.51012655630691
282.0,1128.0,611.0,1344.0,282.0,108241.0,46656.0,154897.0,329.0,216.0,393.5695618311965,0.8359386291694717,0.5809555038571246,146.71370154409055
282.0,1121.0,608.0,1343.0,282.0,106276.0,49284.0,155560.0,326.0,222.0,394.4109531947611,0.8265490533652102,0.5978475737920786,145.74585722957784
277.0,1117.0,606.0,1332.0,277.0,108241.0,46225.0,154466.0,329.0,215.0,393.02162790360535,0.837104059018076,0.5788285490024577,146.8355670804778
280.0,1107.0,606.0,1328.0,280.0,106276.0,48841.0,155117.0,326.0,221.0,393.8489558193598,0.8277284862207964,0.595748927476319,145.86610080616157
280.0,1103.0,608.0,1325.0,280.0,107584.0,49284.0,156868.0,328.0,222.0,396.06565112364893,0.8281455336241735,0.5950052902007406,145.9087080835408
273.0,1098.0,610.0,1317.0,273.0,113569.0,47961.0,161530.0,337.0,219.0,401.90794966011805,0.8385004583387594,0.5762709126745909,146.98210884759393
274.0,1091.0,606.0,1311.0,274.0,110224.0,48400.0,158624.0,332.0,220.0,398.2762860126121,0.8335921862781622,0.5852170954315598,146.4695303328669
271.0,1088.0,600.0,1304.0,271.0,108241.0,46656.0,154897.0,329.0,216.0,393.5695618311965,0.8359386291694717,0.5809555038571246,146.71370154409055
271.0,1083.0,602.0,1300.0,271.0,109561.0,47089.0,156650.0,331.0,217.0,395.790348543266,0.8363013429161893,0.5802942768958241,146.75158705827332
275.0,1075.0,598.0,1299.0,275.0,104329.0,50176.0,154505.0,323.0,224.0,393.0712403623547,0.8217339933143948,0.6063491686606878,145.25875172447647
271.0,1067.0,598.0,1294.0,271.0,106929.0,51529.0,158458.0,327.0,227.0,398.0678334153615,0.8214680327078672,0.6068157147158392,145.23202060456782
273.0,1057.0,592.0,1290.0,273.0,101761.0,54289.0,156050.0,319.0,233.0,395.03164430207363,0.8075302437190738,0.6308435569592326,143.85532665321523
274.0,1053.0,591.0,1282.0,274.0,100489.0,52441.0,152930.0,317.0,229.0,391.0626548265636,0.8106117935004293,0.6256002078075324,144.15574843012115
272.0,1047.0,583.0,1280.0,272.0,96721.0,54289.0,151010.0,311.0,233.0,388.6000514668005,0.8003086948293157,0.6429864407996119,143.15959065804387
270.0,1038.0,580.0,1275.0,270.0,96100.0,56169.0,152269.0,310.0,237.0,390.2166065148945,0.7944305670859944,0.6527268849631598,142.60150431688976
272.0,1028.0,574.0,1272.0,272.0,91204.0,59536.0,150740.0,302.0,244.0,388.25249516261965,0.777844324924447,0.6795679361094639,141.06362536851174
273.0,1021.0,579.0,1267.0,273.0,93636.0,60516.0,154152.0,306.0,246.0,392.62195557558925,0.7793756708062842,0.6771275725369922,141.20344790169185
271.0,1015.0,573.0,1263.0,271.0,91204.0,61504.0,152708.0,302.0,248.0,390.77870975783725,0.7728158992774894,0.6875300131018157,140.60743196069177
277.0,1004.0,570.0,1260.0,277.0,85849.0,65536.0,151385.0,293.0,256.0,389.08225351460067,0.7530541353487995,0.7181046612575325,138.85563366127175
272.0,996.0,576.0,1253.0,272.0,92416.0,66049.0,158465.0,304.0,257.0,398.07662578955825,0.7636720679015917,0.7018143883899398,139.78899754370127
276.0,987.0,572.0,1252.0,276.0,87616.0,70225.0,157841.0,296.0,265.0,397.29208398859396,0.7450437900204878,0.7301958374302662,138.16286029722497
278.0,983.0,566.0,1254.0,278.0,82944.0,73441.0,156385.0,288.0,271.0,395.4554336458155,0.7282742263643883,0.7549960845882823,136.74191080418933
277.0,974.0,561.0,1247.0,277.0,80656.0,74529.0,155185.0,284.0,273.0,393.93527387122873,0.7209306168729515,0.7656520766822105,136.13136743068247
275.0,967.0,556.0,1244.0,275.0,78961.0,76729.0,155690.0,281.0,277.0,394.5757215034904,0.712157349492458,0.7782298274003564,135.41071539876506
280.0,961.0,557.0,1238.0,280.0,76729.0,76729.0,153458.0,277.0,277.0,391.7371567773473,0.7071067811865476,0.7853981633974483,135.0
282.0,951.0,559.0,1234.0,282.0,76729.0,80089.0,156818.0,277.0,283.0,396.00252524447365,0.6994904889280517,0.7961120391545478,134.38614013689067
280.0,943.0,554.0,1233.0,280.0,75076.0,84100.0,159176.0,274.0,290.0,398.9686704491971,0.6867707173385434,0.81375935110332,133.37502364247524
282.0,938.0,561.0,1228.0,282.0,77841.0,84100.0,161941.0,279.0,290.0,402.4189359361709,0.6933073349318065,0.8047279172723076,133.8924866839439
280.0,933.0,553.0,1228.0,280.0,74529.0,87025.0,161554.0,273.0,295.0,401.9378061342327,0.6792095588759517,0.8241112064208321,132.78190602265173
287.0,926.0,551.0,1225.0,287.0,69696.0,89401.0,159097.0,264.0,299.0,398.8696528942757,0.6618703581091334,0.8474852250919632,131.44267340253595
287.0,921.0,553.0,1221.0,287.0,70756.0,90000.0,160756.0,266.0,300.0,400.9438863482021,0.6634344831211386,0.8453967360947668,131.5623350076348
288.0,916.0,553.0,1222.0,288.0,70225.0,93636.0,163861.0,265.0,306.0,404.7974802293117,0.6546483437838632,0.8570789946868578,130.89299089512753
287.0,910.0,554.0,1218.0,287.0,71289.0,94864.0,166153.0,267.0,308.0,407.6186943701184,0.6550239321397845,0.856582034066448,130.92146464126122
289.0,908.0,550.0,1215.0,289.0,68121.0,94249.0,162370.0,261.0,307.0,402.9516099980245,0.6477204545758722,0.8662077177860135,130.36995358920234
286.0,902.0,549.0,1212.0,286.0,69169.0,96100.0,165269.0,263.0,310.0,406.53290149752945,0.6469341079927285,0.8672393815736416,130.31084360829476
287.0,897.0,545.0,1208.0,287.0,66564.0,96721.0,163285.0,258.0,311.0,404.0853870161602,0.638478916313007,0.8782760444261942,129.6784894069347
293.0,888.0,544.0,1204.0,293.0,63001.0,99856.0,162857.0,251.0,316.0,403.5554484826094,0.6219715306626977,0.8995383426235808,128.4602494574758
297.0,886.0,543.0,1203.0,297.0,60516.0,100489.0,161005.0,246.0,317.0,401.2542834662329,0.6130775673593571,0.910846053683947,127.81236533776342
299.0,876.0,542.0,1202.0,299.0,59049.0,106276.0,165325.0,243.0,326.0,406.6017707782395,0.5976363544479794,0.9302465129252259,126.70080090262257
302.0,868.0,546.0,1202.0,302.0,59536.0,111556.0,171092.0,244.0,334.0,413.6326872963499,0.5898953527944578,0.9398670894725891,126.14958246997611
298.0,867.0,540.0,1199.0,298.0,58564.0,110224.0,168788.0,242.0,332.0,410.8381676524225,0.5890397218515904,0.9409263113719096,126.08889352557722
299.0,858.0,536.0,1199.0,299.0,56169.0,116281.0,172450.0,237.0,341.0,415.27099585692235,0.5707116614560196,0.9634240685143879,124.79986699280292
304.0,856.0,537.0,1192.0,304.0,54289.0,112896.0,167185.0,233.0,336.0,408.8826237442721,0.5698456879051075,0.9644782681391765,124.73946580353825
305.0,851.0,532.0,1189.0,305.0,51529.0,114244.0,165773.0,227.0,338.0,407.15230565477583,0.5575309211007469,0.9793877418675813,123.88521588413948
312.0,839.0,536.0,1187.0,312.0,50176.0,121104.0,171280.0,224.0,348.0,413.85987966943594,0.5412459892921161,0.9988781269336345,122.76849907876982
317.0,833.0,531.0,1185.0,317.0,45796.0,123904.0,169700.0,214.0,352.0,411.9465984809196,0.5194848089270289,1.024548416253178,121.29769984188022
317.0,827.0,526.0,1182.0,317.0,43681.0,126025.0,169706.0,209.0,355.0,411.9538809138712,0.5073383446136205,1.0387030287836396,120.48670028324179
316.0,825.0,524.0,1179.0,316.0,43264.0,125316.0,168580.0,208.0,354.0,410.58494857946266,0.5065943131126364,1.039566208619159,120.43724372170573
321.0,818.0,525.0,1169.0,321.0,41616.0,123201.0,164817.0,204.0,351.0,405.97660031090464,0.5024920151648467,1.0443176216949215,120.16500780574125
326.0,813.0,525.0,1167.0,326.0,39601.0,125316.0,164917.0,199.0,354.0,406.09974144291203,0.4900273989166641,1.058675142802337,119.34238244201634
322.0,807.0,520.0,1165.0,322.0,39204.0,128164.0,167368.0,198.0,358.0,409.10634314319793,0.4839817404901366,1.0655971553512988,118.94578033722425
325.0,796.0,513.0,1165.0,325.0,35344.0,136161.0,171505.0,188.0,369.0,414.13162158907886,0.4539619536383594,1.0995894665332846,116.9981643706011
334.0,791.0,516.0,1160.0,334.0,33124.0,136161.0,169285.0,182.0,369.0,411.44258408677143,0.4423460454487545,1.1125834468949265,116.25366413680315
334.0,786.0,517.0,1151.0,334.0,33489.0,133225.0,166714.0,183.0,365.0,408.306257605734,0.4481929840436275,1.1060534279801657,116.62780666075955
338.0,782.0,509.0,1150.0,338.0,29241.0,135424.0,164665.0,171.0,368.0,405.7893542221136,0.4214009022681288,1.13580680136673,114.92306393943255
343.0,780.0,509.0,1146.0,343.0,27556.0,133956.0,161512.0,166.0,366.0,401.8855558489257,0.4130529141545004,1.1449925567107115,114.39675892658266
342.0,775.0,510.0,1143.0,342.0,28224.0,135424.0,163648.0,168.0,368.0,404.534300152657,0.41529234958964595,1.142532173918242,114.53772847657778
349.0,770.0,511.0,1142.0,349.0,26244.0,138384.0,164628.0,162.0,372.0,405.7437615047211,0.39926676727995736,1.1600793636802245,113.53234856090101
349.0,761.0,512.0,1142.0,349.0,26569.0,145161.0,171730.0,163.0,381.0,414.40318531594323,0.3933367449280775,1.1665382539864517,113.16228140601623
356.0,757.0,507.0,1142.0,356.0,22801.0,148225.0,171026.0,151.0,385.0,413.55289867198366,0.3651286219608103,1.1970253664630068,111.415498531569
362.0,751.0,502.0,1140.0,362.0,19600.0,151321.0,170921.0,140.0,389.0,413.4259304881589,0.33863381485213784,1.2253317794400609,109.79366053482946
362.0,752.0,502.0,1141.0,362.0,19600.0,151321.0,170921.0,140.0,389.0,413.4259304881589,0.33863381485213784,1.2253317794400609,109.79366053482946
367.0,747.0,496.0,1132.0,367.0,16641.0,148225.0,164866.0,129.0,385.0,406.0369441319349,0.31770508044726986,1.2474881412592176,108.52419451322697
367.0,742.0,495.0,1133.0,367.0,16384.0,152881.0,169265.0,128.0,391.0,411.41827864109297,0.31111889443216195,1.254426197034899,108.12667319925406
367.0,737.0,496.0,1130.0,367.0,16641.0,154449.0,171090.0,129.0,393.0,413.63026968537974,0.3118727265732304,1.2536328961876517,108.17212598968548
374.0,735.0,489.0,1128.0,374.0,13225.0,154449.0,167674.0,115.0,393.0,409.48015824945657,0.28084388872864907,1.2861230539955544,106.31057707157865
372.0,734.0,488.0,1129.0,372.0,13456.0,156025.0,169481.0,116.0,395.0,411.6807015151427,0.2817717701438896,1.2851561256301323,106.36597798600882
376.0,732.0,484.0,1132.0,376.0,11664.0,160000.0,171664.0,108.0,400.0,414.32354507075746,0.2606658522907646,1.3070844923326304,105.10957512234047
376.0,727.0,483.0,1131.0,376.0,11449.0,163216.0,174665.0,107.0,404.0,417.92941987852447,0.25602409141500654,1.3118893711542374,104.8342758447906
383.0,726.0,477.0,1124.0,383.0,8836.0,158404.0,167240.0,94.0,398.0,408.9498746790369,0.22985702116616522,1.338865558984541,103.28865413476201
386.0,726.0,480.0,1129.0,386.0,8836.0,162409.0,171245.0,94.0,403.0,413.81759266614074,0.22715322322180054,1.34164283719518,103.12952781475876
390.0,720.0,476.0,1124.0,390.0,7396.0,163216.0,170612.0,86.0,404.0,413.05205483086513,0.20820620305403134,1.3610557151007914,102.01725184256446
383.0,725.0,474.0,1127.0,383.0,8281.0,161604.0,169885.0,91.0,402.0,412.1710809845834,0.22078210771755652,1.3481800330019702,102.75497408517907
390.0,718.0,469.0,1128.0,390.0,6241.0,168100.0,174341.0,79.0,410.0,417.5416146924759,0.18920269793511332,1.380446211664472,100.90625822680263
395.0,714.0,467.0,1125.0,395.0,5184.0,168921.0,174105.0,72.0,411.0,417.25891242728414,0.1725547324589441,1.397373606520019,99.93638994342834
398.0,713.0,469.0,1131.0,398.0,5041.0,174724.0,179765.0,71.0,418.0,423.9870281034551,0.16745795341331912,1.4025456818188986,99.64005185747867
396.0,715.0,461.0,1130.0,396.0,4225.0,172225.0,176450.0,65.0,415.0,420.05951959216446,0.15473997604698606,1.4154320729433634,98.901716032892
402.0,714.0,460.0,1129.0,402.0,3364.0,172225.0,175589.0,58.0,415.0,419.03341155568967,0.13841378372352484,1.431936724881123,97.95606913452595
403.0,710.0,455.0,1122.0,403.0,2704.0,169744.0,172448.0,52.0,412.0,415.26858778385827,0.1252201623953924,1.4452465896863709,97.19347005529553
402.0,712.0,454.0,1128.0,402.0,2704.0,173056.0,175760.0,52.0,416.0,419.23740291152455,0.12403473458920845,1.446441332248135,97.1250163489018
409.0,711.0,448.0,1123.0,409.0,1521.0,169744.0,171265.0,39.0,412.0,413.84175719712,0.094238919397937,1.4764173580756552,95.40751658240974
410.0,708.0,443.0,1123.0,410.0,1089.0,172225.0,173314.0,33.0,415.0,416.30998066344745,0.07926785696420235,1.491445222379258,94.546483382718
417.0,704.0,444.0,1125.0,417.0,729.0,177241.0,177970.0,27.0,421.0,421.86490728668105,0.06400153113862105,1.5067510211165682,93.66952571299346
417.0,705.0,443.0,1118.0,417.0,676.0,170569.0,171245.0,26.0,413.0,413.81759266614074,0.0628296149336895,1.5079253009720623,93.60224443330641
423.0,702.0,436.0,1119.0,423.0,169.0,173889.0,174058.0,13.0,417.0,417.20258867845007,0.031159921708969716,1.5396313604753666,91.78562103877643
424.0,702.0,437.0,1119.0,424.0,169.0,173889.0,174058.0,13.0,417.0,417.20258867845007,0.031159921708969716,1.5396313604753666,91.78562103877643
424.0,705.0,437.0,1120.0,424.0,169.0,172225.0,172394.0,13.0,415.0,415.2035645319052,0.031309943147178956,1.539481265801391,91.79422083012263
432.0,702.0,432.0,1120.0,432.0,0.0,174724.0,174724.0,0.0,418.0,418.0,nan,nan,nan
431.0,700.0,431.0,1120.0,431.0,0.0,176400.0,176400.0,0.0,420.0,420.0,nan,nan,nan
431.0,702.0,431.0,1119.0,431.0,0.0,173889.0,173889.0,0.0,417.0,417.0,nan,nan,nan
438.0,699.0,431.0,1119.0,438.0,49.0,176400.0,176449.0,7.0,420.0,420.05832928296996,0.016664352333993333,1.554131203080956,89.04515874612783
439.0,697.0,426.0,1120.0,439.0,169.0,178929.0,179098.0,13.0,423.0,423.19971644602975,0.03071835706595488,1.5400731366133689,88.2396908694207
439.0,698.0,425.0,1121.0,439.0,196.0,178929.0,179125.0,14.0,423.0,423.2316150761897,0.033078814297650555,1.5377114770079778,88.10437774138525
438.0,698.0,425.0,1127.0,438.0,169.0,184041.0,184210.0,13.0,429.0,429.19692449969864,0.030289126640769132,1.5405025668761214,88.26429541107161
439.0,698.0,425.0,1127.0,439.0,196.0,184041.0,184237.0,14.0,429.0,429.22837744026197,0.03261666920414286,1.5381738716288602,88.13087100163136
445.0,700.0,425.0,1126.0,445.0,400.0,181476.0,181876.0,20.0,426.0,426.46922514995146,0.04689670161538097,1.523882418153688,87.31203103439643
439.0,702.0,419.0,1121.0,439.0,400.0,175561.0,175961.0,20.0,419.0,419.47705539159114,0.047678412306316864,1.523099831977408,87.26719214939031
439.0,702.0,419.0,1122.0,439.0,400.0,176400.0,176800.0,20.0,420.0,420.47592083257274,0.047565149415449405,1.5232132235179132,87.27368900609373
444.0,703.0,418.0,1125.0,444.0,676.0,178084.0,178760.0,26.0,422.0,422.8001892147164,0.061494769073521076,1.5092627334458533,86.47438480282554
444.0,703.0,417.0,1124.0,444.0,729.0,177241.0,177970.0,27.0,421.0,421.86490728668105,0.06400153113862105,1.5067510211165682,86.33047428700654
444.0,705.0,418.0,1125.0,444.0,676.0,176400.0,177076.0,26.0,420.0,420.80399237649823,0.06178648603870064,1.5089704606962449,86.4576388078063
449.0,705.0,416.0,1125.0,449.0,1089.0,176400.0,177489.0,33.0,420.0,421.2944338583172,0.07833001660567397,1.4923859880562549,85.50741852008468
449.0,703.0,417.0,1124.0,449.0,1024.0,177241.0,178265.0,32.0,421.0,422.21440051234634,0.0757908777179765,1.4949327004888044,85.65333439410327
445.0,704.0,418.0,1120.0,445.0,729.0,173056.0,173785.0,27.0,416.0,416.8752811093505,0.06476757251749267,1.5059833870024284,86.28649209205606
445.0,703.0,412.0,1121.0,445.0,1089.0,174724.0,175813.0,33.0,418.0,419.3006081560102,0.07870248542001067,1.492012365805753,85.48601154199875
451.0,705.0,418.0,1121.0,451.0,1089.0,173056.0,174145.0,33.0,416.0,417.306841544684,0.07907850223075352,1.4916351733926358,85.46440000866278
451.0,705.0,411.0,1120.0,451.0,1600.0,172225.0,173825.0,40.0,415.0,416.92325432865937,0.09594091858562563,1.4747076112775297,84.49452214202165
449.0,707.0,417.0,1124.0,449.0,1024.0,173889.0,174913.0,32.0,417.0,418.226015450976,0.07651365246969197,1.4942078208155625,85.61180184817168
449.0,703.0,416.0,1125.0,449.0,1089.0,178084.0,179173.0,33.0,422.0,423.28831781659176,0.07796104596087317,1.4927560904904442,85.52862382755126
448.0,704.0,416.0,1125.0,448.0,1024.0,177241.0,178265.0,32.0,421.0,422.21440051234634,0.0757908777179765,1.4949327004888044,85.65333439410327
448.0,705.0,416.0,1125.0,448.0,1024.0,176400.0,177424.0,32.0,420.0,421.2172835960082,0.07597029192821864,1.4947527675157795,85.6430249941537
449.0,706.0,416.0,1124.0,449.0,1089.0,174724.0,175813.0,33.0,418.0,419.3006081560102,0.07870248542001067,1.492012365805753,85.48601154199875
450.0,704.0,411.0,1122.0,450.0,1521.0,174724.0,176245.0,39.0,418.0,419.81543563809083,0.09289796584235323,1.477764220623673,84.66965295717591
445.0,709.0,412.0,1124.0,445.0,1089.0,172225.0,173314.0,33.0,415.0,416.30998066344745,0.07926785696420235,1.491445222379258,85.453516617282
450.0,702.0,411.0,1121.0,450.0,1521.0,175561.0,177082.0,39.0,419.0,420.8111215260357,0.09267815892928356,1.4779849799188647,84.68230153307867
445.0,708.0,412.0,1123.0,445.0,1089.0,172225.0,173314.0,33.0,415.0,416.30998066344745,0.07926785696420235,1.491445222379258,85.453516617282
449.0,704.0,410.0,1121.0,449.0,1521.0,173889.0,175410.0,39.0,417.0,418.81977030699016,0.09311881330581276,1.4775424116901168,84.65694424142484
449.0,701.0,410.0,1122.0,449.0,1521.0,177241.0,178762.0,39.0,421.0,422.8025543915268,0.09224163760345905,1.4784233791713544,84.70741995998803
449.0,707.0,410.0,1124.0,449.0,1521.0,173889.0,175410.0,39.0,417.0,418.81977030699016,0.09311881330581276,1.4775424116901168,84.65694424142484
449.0,704.0,410.0,1125.0,449.0,1521.0,177241.0,178762.0,39.0,421.0,422.8025543915268,0.09224163760345905,1.4784233791713544,84.70741995998803
449.0,704.0,409.0,1130.0,449.0,1600.0,181476.0,183076.0,40.0,426.0,427.873813173931,0.09348550616660424,1.4771741122458257,84.63584223766995
448.0,704.0,409.0,1125.0,448.0,1521.0,177241.0,178762.0,39.0,421.0,422.8025543915268,0.09224163760345905,1.4784233791713544,84.70741995998803
449.0,702.0,409.0,1124.0,449.0,1600.0,178084.0,179684.0,40.0,422.0,423.8914955504533,0.09436377096468318,1.4762919476421648,84.58529792904434
442.0,705.0,409.0,1122.0,442.0,1089.0,173889.0,174978.0,33.0,417.0,418.3037174111653,0.07889004717489315,1.4918242190535045,85.47523152716582
448.0,702.0,409.0,1124.0,448.0,1521.0,178084.0,179605.0,39.0,422.0,423.79830108201236,0.09202490878426815,1.4786410337445235,84.71989064842234
448.0,705.0,408.0,1124.0,448.0,1600.0,175561.0,177161.0,40.0,419.0,420.90497739988774,0.09503332616092429,1.4756193698646671,84.54676206099944
448.0,706.0,408.0,1125.0,448.0,1600.0,175561.0,177161.0,40.0,419.0,420.90497739988774,0.09503332616092429,1.4756193698646671,84.54676206099944
448.0,703.0,409.0,1125.0,448.0,1521.0,178084.0,179605.0,39.0,422.0,423.79830108201236,0.09202490878426815,1.4786410337445235,84.71989064842234
448.0,702.0,408.0,1125.0,448.0,1600.0,178929.0,180529.0,40.0,423.0,424.88704381282326,0.09414266822789098,1.476514039073557,84.59802283072914
441.0,705.0,408.0,1124.0,441.0,1089.0,175561.0,176650.0,33.0,419.0,420.2975136733502,0.07851581064942291,1.4921996200323888,85.49674041888098
446.0,703.0,407.0,1123.0,446.0,1521.0,176400.0,177921.0,39.0,420.0,421.8068278252499,0.09245938526191257,1.4782046969873457,84.69489039378962
447.0,705.0,407.0,1125.0,447.0,1600.0,176400.0,178000.0,40.0,420.0,421.90046219457975,0.09480909262799544,1.4758446204521403,84.55966796899449
440.0,704.0,407.0,1124.0,440.0,1089.0,176400.0,177489.0,33.0,420.0,421.2944338583172,0.07833001660567397,1.4923859880562549,85.50741852008468
440.0,706.0,407.0,1118.0,440.0,1089.0,169744.0,170833.0,33.0,412.0,413.3194890154588,0.07984138391007675,1.4908698718566418,85.42055146059545
440.0,701.0,408.0,1118.0,440.0,1024.0,173889.0,174913.0,32.0,417.0,418.226015450976,0.07651365246969197,1.4942078208155625,85.61180184817168
440.0,703.0,407.0,1124.0,440.0,1089.0,177241.0,178330.0,33.0,421.0,422.2913686070318,0.07814509708984495,1.4925714761407336,85.51804620447528
441.0,704.0,408.0,1124.0,441.0,1089.0,176400.0,177489.0,33.0,420.0,421.2944338583172,0.07833001660567397,1.4923859880562549,85.50741852008468
441.0,704.0,408.0,1124.0,441.0,1089.0,176400.0,177489.0,33.0,420.0,421.2944338583172,0.07833001660567397,1.4923859880562549,85.50741852008468
441.0,704.0,408.0,1124.0,441.0,1089.0,176400.0,177489.0,33.0,420.0,421.2944338583172,0.07833001660567397,1.4923859880562549,85.50741852008468
441.0,701.0,408.0,1123.0,441.0,1089.0,178084.0,179173.0,33.0,422.0,423.28831781659176,0.07796104596087317,1.4927560904904442,85.52862382755126
440.0,703.0,407.0,1123.0,440.0,1089.0,176400.0,177489.0,33.0,420.0,421.2944338583172,0.07833001660567397,1.4923859880562549,85.50741852008468
439.0,704.0,407.0,1124.0,439.0,1024.0,176400.0,177424.0,32.0,420.0,421.2172835960082,0.07597029192821864,1.4947527675157795,85.6430249941537
439.0,699.0,406.0,1118.0,439.0,1089.0,175561.0,176650.0,33.0,419.0,420.2975136733502,0.07851581064942291,1.4921996200323888,85.49674041888098
438.0,704.0,405.0,1118.0,438.0,1089.0,171396.0,172485.0,33.0,414.0,415.31313487536124,0.07945811781248759,1.4912543595078749,85.442580980286
438.0,705.0,405.0,1123.0,438.0,1089.0,174724.0,175813.0,33.0,418.0,419.3006081560102,0.07870248542001067,1.492012365805753,85.48601154199875
445.0,697.0,405.0,1124.0,445.0,1600.0,182329.0,183929.0,40.0,427.0,428.86944400365013,0.09326847729366226,1.4773920935177818,84.64833164456593
438.0,704.0,405.0,1124.0,438.0,1089.0,176400.0,177489.0,33.0,420.0,421.2944338583172,0.07833001660567397,1.4923859880562549,85.50741852008468
438.0,701.0,411.0,1125.0,438.0,729.0,179776.0,180505.0,27.0,424.0,424.8588000736245,0.06355052548122135,1.5072029467914474,86.35636772083072
437.0,703.0,411.0,1125.0,437.0,676.0,178084.0,178760.0,26.0,422.0,422.8001892147164,0.061494769073521076,1.5092627334458533,86.47438480282554
437.0,703.0,410.0,1125.0,437.0,729.0,178084.0,178813.0,27.0,422.0,422.8628619304372,0.0638504877840079,1.5069023740424101,86.33914617087424
437.0,703.0,404.0,1126.0,437.0,1089.0,178929.0,180018.0,33.0,423.0,424.28528138506056,0.07777785713488095,1.4929398372519276,85.53915174148345
437.0,701.0,403.0,1119.0,437.0,1156.0,174724.0,175880.0,34.0,418.0,419.38049549305464,0.08107196296772717,1.489635290338023,85.34981515011374
436.0,702.0,403.0,1126.0,436.0,1089.0,179776.0,180865.0,33.0,424.0,425.28225921145594,0.07759552458451358,1.493122722514324,85.5496302951539
